cand_id,form,keep,n1a,n1b,n2a,n2b,pred,agent,raw
c0001,none,0,0,0,0,0,0,1,"{""form"":""passive"",""keep"":0,""n1"":[3,4],""n2"":[9,11],""pred"":5,""agent"":1}"
c0002,none,0,0,0,0,0,0,1,"{""form"":""none"",""keep"":0,""n1"":[0,0],""n2"":[0,0],""pred"":0,""agent"":1}"
c0003,none,0,0,0,0,0,0,1,"{""form"":""none"",""keep"":0,""n1"":[0,0],""n2"":[0,0],""pred"":0,""agent"":1}"
c0004,none,0,0,0,0,0,0,1,"{""form"":""none"",""keep"":0,""n1"":[0,0],""n2"":[0,0],""pred"":0,""agent"":1}"
c0005,none,0,0,0,0,0,0,1,"{""form"":""passive"",""keep"":0,""n1"":[0,0],""n2"":[0,0],""pred"":5,""agent"":2}"
c0006,none,0,0,0,0,0,0,1,"{""form"":""none"",""keep"":0,""n1"":[0,0],""n2"":[0,0],""pred"":0,""agent"":1}"
c0007,passive,1,9,10,14,15,11,2,"{""form"":""passive"",""keep"":1,""n1"":[9,10],""n2"":[14,15],""pred"":11,""agent"":2}"
c0008,none,0,0,0,0,0,0,1,"{""form"":""none"",""keep"":0,""n1"":[0,0],""n2"":[0,0],""pred"":0,""agent"":1}"
c0009,none,0,0,0,0,0,0,1,"{""form"":""passive"",""keep"":0,""n1"":[4,5],""n2"":[9,12],""pred"":7,""agent"":2}"
c0010,none,0,0,0,0,0,0,1,"{""form"":""none"",""keep"":0,""n1"":[0,0],""n2"":[0,0],""pred"":0,""agent"":1}"
c0011,none,0,0,0,0,0,0,1,"{""form"":""none"",""keep"":0,""n1"":[0,0],""n2"":[0,0],""pred"":0,""agent"":1}"
c0012,none,0,0,0,0,0,0,1,"{""form"":""none"",""keep"":0,""n1"":[0,0],""n2"":[0,0],""pred"":0,""agent"":1}"
c0013,none,0,0,0,0,0,0,1,"{""form"":""passive"",""keep"":0,""n1"":[4,5],""n2"":[7,8],""pred"":6,""agent"":1}"
c0014,none,0,0,0,0,0,0,1,"{""form"":""none"",""keep"":0,""n1"":[0,0],""n2"":[0,0],""pred"":0,""agent"":1}"
c0015,none,0,0,0,0,0,0,1,"{""form"":""passive"",""keep"":0,""n1"":[4,5],""n2"":[6,8],""pred"":4,""agent"":2}"
c0016,none,0,0,0,0,0,0,1,"{""form"":""passive"",""keep"":0,""n1"":[0,0],""n2"":[0,0],""pred"":2,""agent"":2}"
c0017,none,0,0,0,0,0,0,1,"{""form"":""cleft"",""keep"":1,""n1"":[8,9],""n2"":[7,13],""pred"":15,""agent"":1}"
c0018,cleft,1,1,3,7,12,4,1,"{""form"":""cleft"",""keep"":1,""n1"":[1,3],""n2"":[7,12],""pred"":4,""agent"":1}"
c0019,none,0,0,0,0,0,0,1,"{""form"":""none"",""keep"":0,""n1"":[0,0],""n2"":[0,0],""pred"":0,""agent"":1}"
c0020,none,0,0,0,0,0,0,1,"{""form"":""passive"",""keep"":0,""n1"":[9,11],""n2"":[0,0],""pred"":7,""agent"":2}"
c0021,none,0,0,0,0,0,0,1,"{""form"":""none"",""keep"":0,""n1"":[0,0],""n2"":[0,0],""pred"":0,""agent"":1}"
c0022,none,0,0,0,0,0,0,1,"{""form"":""passive"",""keep"":0,""n1"":[5,6],""n2"":[14,16],""pred"":9,""agent"":2}"
c0023,none,0,0,0,0,0,0,1,"{""form"":""passive"",""keep"":0,""n1"":[0,0],""n2"":[0,0],""pred"":2,""agent"":2}"
c0024,none,0,0,0,0,0,0,1,"{""form"":""passive"",""keep"":0,""n1"":[1,2],""n2"":[7,8],""pred"":2,""agent"":1}"
c0025,none,0,0,0,0,0,0,1,"{""form"":""none"",""keep"":0,""n1"":[0,0],""n2"":[0,0],""pred"":0,""agent"":1}"
c0026,none,0,0,0,0,0,0,1,"{""form"":""passive"",""keep"":0,""n1"":[5,6],""n2"":[1,4],""pred"":8,""agent"":2}"
c0027,none,0,0,0,0,0,0,1,"{""form"":""passive"",""keep"":0,""n1"":[5,6],""n2"":[13,15],""pred"":7,""agent"":2}"
c0028,none,0,0,0,0,0,0,1,"{""form"":""passive"",""keep"":0,""n1"":[9,11],""n2"":[4,5],""pred"":6,""agent"":1}"
c0029,none,0,0,0,0,0,0,1,"{""form"":""none"",""keep"":0,""n1"":[0,0],""n2"":[0,0],""pred"":0,""agent"":1}"
c0030,none,0,0,0,0,0,0,1,"{""form"":""none"",""keep"":0,""n1"":[0,0],""n2"":[0,0],""pred"":0,""agent"":1}"
c0031,none,0,0,0,0,0,0,1,"{""form"":""none"",""keep"":0,""n1"":[0,0],""n2"":[0,0],""pred"":0,""agent"":1}"
c0032,none,0,0,0,0,0,0,1,"{""form"":""none"",""keep"":0,""n1"":[0,0],""n2"":[0,0],""pred"":0,""agent"":1}"
c0033,passive,1,1,6,9,17,12,1,"{""form"":""passive"",""keep"":1,""n1"":[1,6],""n2"":[9,17],""pred"":12,""agent"":1}"
c0034,none,0,0,0,0,0,0,1,"{""form"":""passive"",""keep"":0,""n1"":[1,1],""n2"":[4,6],""pred"":5,""agent"":2}"
c0035,none,0,0,0,0,0,0,1,"{""form"":""none"",""keep"":0,""n1"":[0,0],""n2"":[0,0],""pred"":0,""agent"":1}"
c0036,none,0,0,0,0,0,0,1,"{""form"":""none"",""keep"":0,""n1"":[0,0],""n2"":[0,0],""pred"":0,""agent"":1}"
c0037,none,0,0,0,0,0,0,1,"{""form"":""passive"",""keep"":0,""n1"":[4,6],""n2"":[7,12],""pred"":8,""agent"":2}"
c0038,none,0,0,0,0,0,0,1,"{""form"":""none"",""keep"":0,""n1"":[0,0],""n2"":[0,0],""pred"":0,""agent"":1}"
c0039,none,0,0,0,0,0,0,1,"{""form"":""none"",""keep"":0,""n1"":[0,0],""n2"":[0,0],""pred"":0,""agent"":1}"
c0040,cleft,1,1,1,10,12,2,1,"{""form"":""cleft"",""keep"":1,""n1"":[1,1],""n2"":[10,12],""pred"":2,""agent"":1}"
c0041,none,0,0,0,0,0,0,1,"{""form"":""none"",""keep"":0,""n1"":[0,0],""n2"":[0,0],""pred"":0,""agent"":1}"
c0042,none,0,0,0,0,0,0,1,"{""form"":""passive"",""keep"":0,""n1"":[7,8],""n2"":[11,14],""pred"":9,""agent"":2}"
c0043,none,0,0,0,0,0,0,1,"{""form"":""passive"",""keep"":0,""n1"":[0,0],""n2"":[0,0],""pred"":3,""agent"":2}"
c0044,cleft,1,1,3,5,6,7,1,"{""form"":""cleft"",""keep"":1,""n1"":[1,3],""n2"":[5,6],""pred"":7,""agent"":1}"
c0045,none,0,0,0,0,0,0,1,"{""form"":""none"",""keep"":0,""n1"":[0,0],""n2"":[0,0],""pred"":0,""agent"":1}"
c0046,cleft,1,3,4,1,2,3,1,"{""form"":""cleft"",""keep"":1,""n1"":[3,4],""n2"":[1,2],""pred"":3,""agent"":1}"
c0047,none,0,0,0,0,0,0,1,"{""form"":""passive"",""keep"":0,""n1"":[3,4],""n2"":[6,8],""pred"":5,""agent"":2}"
c0048,none,0,0,0,0,0,0,1,"{""form"":""none"",""keep"":0,""n1"":[0,0],""n2"":[0,0],""pred"":0,""agent"":1}"
c0049,none,0,0,0,0,0,0,1,"{""form"":""none"",""keep"":0,""n1"":[0,0],""n2"":[0,0],""pred"":0}"
c0050,none,0,0,0,0,0,0,1,"{""form"":""none"",""keep"":0,""n1"":[0,0],""n2"":[0,0],""pred"":0,""agent"":1}"
c0051,none,0,0,0,0,0,0,1,"{""form"":""none"",""keep"":0,""n1"":[0,0],""n2"":[0,0],""pred"":0,""agent"":1}"
c0052,none,0,0,0,0,0,0,1,"{""form"":""none"",""keep"":0,""n1"":[0,0],""n2"":[0,0],""pred"":0,""agent"":1}"
c0053,none,0,0,0,0,0,0,1,"{""form"":""none"",""keep"":0,""n1"":[0,0],""n2"":[0,0],""pred"":0,""agent"":1}"
c0054,none,0,0,0,0,0,0,1,"{""form"":""none"",""keep"":0,""n1"":[0,0],""n2"":[0,0],""pred"":0,""agent"":1}"
c0055,none,0,0,0,0,0,0,1,"{""form"":""passive"",""keep"":0,""n1"":[0,0],""n2"":[0,0],""pred"":3,""agent"":2}"
c0056,none,0,0,0,0,0,0,1,"{""form"":""passive"",""keep"":0,""n1"":[5,7],""n2"":[19,22],""pred"":8,""agent"":2}"
c0057,none,0,0,0,0,0,0,1,"{""form"":""none"",""keep"":0,""n1"":[0,0],""n2"":[0,0],""pred"":0,""agent"":1}"
c0058,none,0,0,0,0,0,0,1,"{""form"":""none"",""keep"":0,""n1"":[0,0],""n2"":[0,0],""pred"":0,""agent"":1}"
c0059,none,0,0,0,0,0,0,1,"{""form"":""none"",""keep"":0,""n1"":[0,0],""n2"":[0,0],""pred"":0}"
c0060,none,0,0,0,0,0,0,1,"{""form"":""passive"",""keep"":0,""n1"":[0,0],""n2"":[0,0],""pred"":3,""agent"":2}"
c0061,none,0,0,0,0,0,0,1,"{""form"":""none"",""keep"":0,""n1"":[0,0],""n2"":[0,0],""pred"":0,""agent"":1}"
c0062,none,0,0,0,0,0,0,1,"{""form"":""passive"",""keep"":0,""n1"":[5,6],""n2"":[1,4],""pred"":3,""agent"":2}"
c0063,none,0,0,0,0,0,0,1,"{""form"":""none"",""keep"":0,""n1"":[0,0],""n2"":[0,0],""pred"":0}"
c0064,none,0,0,0,0,0,0,1,"{""form"":""none"",""keep"":0,""n1"":[0,0],""n2"":[0,0],""pred"":0,""agent"":1}"
c0065,none,0,0,0,0,0,0,1,"{""form"":""none"",""keep"":0,""n1"":[0,0],""n2"":[0,0],""pred"":0,""agent"":1}"
c0066,none,0,0,0,0,0,0,1,"{""form"":""none"",""keep"":0,""n1"":[0,0],""n2"":[0,0],""pred"":0,""agent"":1}"
c0067,passive,1,2,3,7,8,4,2,"{""form"":""passive"",""keep"":1,""n1"":[2,3],""n2"":[7,8],""pred"":4,""agent"":2}"
c0068,none,0,0,0,0,0,0,1,"{""form"":""passive"",""keep"":0,""n1"":[4,6],""n2"":[10,14],""pred"":7,""agent"":2}"
c0069,none,0,0,0,0,0,0,1,"{""form"":""none"",""keep"":0,""n1"":[0,0],""n2"":[0,0],""pred"":0,""agent"":1}"
c0070,none,0,0,0,0,0,0,1,"{""form"":""none"",""keep"":0,""n1"":[0,0],""n2"":[0,0],""pred"":0}"
c0071,none,0,0,0,0,0,0,1,"{""form"":""none"",""keep"":0,""n1"":[0,0],""n2"":[0,0],""pred"":0,""agent"":1}"
c0072,none,0,0,0,0,0,0,1,"{""form"":""passive"",""keep"":0,""n1"":[0,0],""n2"":[0,0],""pred"":2,""agent"":2}"
c0073,none,0,0,0,0,0,0,1,"{""form"":""none"",""keep"":0,""n1"":[0,0],""n2"":[0,0],""pred"":0,""agent"":1}"
c0074,none,0,0,0,0,0,0,1,"{""form"":""none"",""keep"":0,""n1"":[0,0],""n2"":[0,0],""pred"":0,""agent"":1}"
c0075,none,0,0,0,0,0,0,1,"{""form"":""passive"",""keep"":0,""n1"":[0,0],""n2"":[0,0],""pred"":7,""agent"":2}"
c0076,none,0,0,0,0,0,0,1,"{""form"":""none"",""keep"":0,""n1"":[0,0],""n2"":[0,0],""pred"":0,""agent"":1}"
c0077,none,0,0,0,0,0,0,1,"{""form"":""passive"",""keep"":0,""n1"":[4,6],""n2"":[8,9],""pred"":5,""agent"":2}"
c0078,none,0,0,0,0,0,0,1,"{""form"":""none"",""keep"":0,""n1"":[0,0],""n2"":[0,0],""pred"":0,""agent"":1}"
c0079,passive,1,5,7,10,18,9,2,"{""form"":""passive"",""keep"":1,""n1"":[5,7],""n2"":[10,18],""pred"":9,""agent"":2}"
c0080,none,0,0,0,0,0,0,1,"{""form"":""none"",""keep"":0,""n1"":[0,0],""n2"":[0,0],""pred"":0,""agent"":1}"
c0081,none,0,0,0,0,0,0,1,"{""form"":""none"",""keep"":0,""n1"":[0,0],""n2"":[0,0],""pred"":0}"
c0082,passive,1,5,8,1,4,10,2,"{""form"":""passive"",""keep"":1,""n1"":[5,8],""n2"":[1,4],""pred"":10,""agent"":2}"
c0083,cleft,1,3,4,11,16,10,1,"{""form"":""cleft"",""keep"":1,""n1"":[3,4],""n2"":[11,16],""pred"":10,""agent"":1}"
c0084,none,0,0,0,0,0,0,1,"{""form"":""none"",""keep"":0,""n1"":[0,0],""n2"":[0,0],""pred"":0,""agent"":1}"
c0085,none,0,0,0,0,0,0,1,"{""form"":""passive"",""keep"":0,""n1"":[1,4],""n2"":[9,12],""pred"":13,""agent"":1}"
c0086,none,0,0,0,0,0,0,1,"{""form"":""none"",""keep"":0,""n1"":[0,0],""n2"":[0,0],""pred"":0,""agent"":1}"
c0087,none,0,0,0,0,0,0,1,"{""form"":""none"",""keep"":0,""n1"":[0,0],""n2"":[0,0],""pred"":0}"
c0088,none,0,0,0,0,0,0,1,"{""form"":""none"",""keep"":0,""n1"":[0,0],""n2"":[0,0],""pred"":0,""agent"":1}"
c0089,none,0,0,0,0,0,0,1,"{""form"":""passive"",""keep"":0,""n1"":[1,1],""n2"":[6,7],""pred"":2,""agent"":2}"
c0090,none,0,0,0,0,0,0,1,"{""form"":""none"",""keep"":0,""n1"":[0,0],""n2"":[0,0],""pred"":0,""agent"":1}"
c0091,none,0,0,0,0,0,0,1,"{""form"":""none"",""keep"":0,""n1"":[0,0],""n2"":[0,0],""pred"":0,""agent"":1}"
c0092,none,0,0,0,0,0,0,1,"{""form"":""passive"",""keep"":0,""n1"":[2,3],""n2"":[5,6],""pred"":5,""agent"":2}"
c0093,none,0,0,0,0,0,0,1,"{""form"":""none"",""keep"":0,""n1"":[0,0],""n2"":[0,0],""pred"":0,""agent"":1}"
c0094,none,0,0,0,0,0,0,1,"{""form"":""cleft"",""keep"":1,""n1"":[6,7],""n2"":[0,5],""pred"":4,""agent"":1}"
c0095,none,0,0,0,0,0,0,1,"{""form"":""none"",""keep"":0,""n1"":[0,0],""n2"":[0,0],""pred"":0,""agent"":1}"
c0096,none,0,0,0,0,0,0,1,"{""form"":""passive"",""keep"":0,""n1"":[1,2],""n2"":[6,7],""pred"":3,""agent"":2}"
c0097,none,0,0,0,0,0,0,1,"{""form"":""none"",""keep"":0,""n1"":[0,0],""n2"":[0,0],""pred"":0,""agent"":1}"
c0098,cleft,1,4,6,9,11,6,1,"{""form"":""cleft"",""keep"":1,""n1"":[4,6],""n2"":[9,11],""pred"":6,""agent"":1}"
c0099,none,0,0,0,0,0,0,1,"{""form"":""passive"",""keep"":0,""n1"":[0,0],""n2"":[0,0],""pred"":4,""agent"":2}"
c0100,none,0,0,0,0,0,0,1,"{""form"":""none"",""keep"":0,""n1"":[0,0],""n2"":[0,0],""pred"":0,""agent"":1}"
c0101,none,0,0,0,0,0,0,1,"{""form"":""none"",""keep"":0,""n1"":[0,0],""n2"":[0,0],""pred"":0,""agent"":1}"
c0102,none,0,0,0,0,0,0,1,"{""form"":""passive"",""keep"":0,""n1"":[7,8],""n2"":[1,6],""pred"":5,""agent"":2}"
c0103,none,0,0,0,0,0,0,1,"{""form"":""passive"",""keep"":0,""n1"":[5,7],""n2"":[1,4],""pred"":3,""agent"":2}"
c0104,none,0,0,0,0,0,0,1,"{""form"":""none"",""keep"":0,""n1"":[0,0],""n2"":[0,0],""pred"":0,""agent"":1}"
c0105,none,0,0,0,0,0,0,1,"{""form"":""none"",""keep"":0,""n1"":[0,0],""n2"":[0,0],""pred"":0,""agent"":1}"
c0106,none,0,0,0,0,0,0,1,"{""form"":""none"",""keep"":0,""n1"":[0,0],""n2"":[0,0],""pred"":0,""agent"":1}"
c0107,none,0,0,0,0,0,0,1,"{""form"":""passive"",""keep"":0,""n1"":[1,2],""n2"":[7,8],""pred"":4,""agent"":2}"
c0108,none,0,0,0,0,0,0,1,"{""form"":""none"",""keep"":0,""n1"":[0,0],""n2"":[0,0],""pred"":0,""agent"":1}"
c0109,none,0,0,0,0,0,0,1,"{""form"":""passive"",""keep"":0,""n1"":[2,3],""n2"":[16,18],""pred"":5,""agent"":1}"
c0110,none,0,0,0,0,0,0,1,"{""form"":""none"",""keep"":0,""n1"":[0,0],""n2"":[0,0],""pred"":0,""agent"":1}"
c0111,none,0,0,0,0,0,0,1,"{""form"":""none"",""keep"":0,""n1"":[0,0],""n2"":[0,0],""pred"":0,""agent"":1}"
c0112,cleft,1,5,7,9,16,9,1,"{""form"":""cleft"",""keep"":1,""n1"":[5,7],""n2"":[9,16],""pred"":9,""agent"":1}"
c0113,none,0,0,0,0,0,0,1,"{""form"":""none"",""keep"":0,""n1"":[0,0],""n2"":[0,0],""pred"":0,""agent"":1}"
c0114,none,0,0,0,0,0,0,1,"{""form"":""passive"",""keep"":0,""n1"":[0,0],""n2"":[0,0],""pred"":0,""agent"":1}"
c0115,none,0,0,0,0,0,0,1,"{""form"":""none"",""keep"":0,""n1"":[0,0],""n2"":[0,0],""pred"":0,""agent"":1}"
c0116,none,0,0,0,0,0,0,1,"{""form"":""none"",""keep"":0,""n1"":[0,0],""n2"":[0,0],""pred"":0,""agent"":1}"
c0117,cleft,1,1,1,4,5,6,1,"{""form"":""cleft"",""keep"":1,""n1"":[1,1],""n2"":[4,5],""pred"":6,""agent"":1}"
c0118,none,0,0,0,0,0,0,1,"{""form"":""none"",""keep"":0,""n1"":[0,0],""n2"":[0,0],""pred"":0,""agent"":1}"
c0119,none,0,0,0,0,0,0,1,"{""form"":""passive"",""keep"":0,""n1"":[0,0],""n2"":[0,0],""pred"":7,""agent"":2}"
c0120,none,0,0,0,0,0,0,1,"{""form"":""none"",""keep"":0,""n1"":[0,0],""n2"":[0,0],""pred"":0,""agent"":1}"
c0121,none,0,0,0,0,0,0,1,"{""form"":""none"",""keep"":0,""n1"":[0,0],""n2"":[0,0],""pred"":0,""agent"":1}"
c0122,none,0,0,0,0,0,0,1,"{""form"":""none"",""keep"":0,""n1"":[0,0],""n2"":[0,0],""pred"":0,""agent"":1}"
c0123,none,0,0,0,0,0,0,1,"{""form"":""none"",""keep"":0,""n1"":[0,0],""n2"":[0,0],""pred"":0,""agent"":1}"
c0124,none,0,0,0,0,0,0,1,"{""form"":""passive"",""keep"":0,""n1"":[7,8],""n2"":[1,4],""pred"":5,""agent"":2}"
c0125,none,0,0,0,0,0,0,1,"{""form"":""none"",""keep"":0,""n1"":[0,0],""n2"":[0,0],""pred"":0,""agent"":1}"
c0126,none,0,0,0,0,0,0,1,"{""form"":""passive"",""keep"":0,""n1"":[4,6],""n2"":[1,3],""pred"":7,""agent"":2}"
c0127,none,0,0,0,0,0,0,1,"{""form"":""none"",""keep"":0,""n1"":[0,0],""n2"":[0,0],""pred"":0,""agent"":1}"
c0128,none,0,0,0,0,0,0,1,"{""form"":""none"",""keep"":0,""n1"":[0,0],""n2"":[0,0],""pred"":0,""agent"":1}"
c0129,none,0,0,0,0,0,0,1,"{""form"":""none"",""keep"":0,""n1"":[0,0],""n2"":[0,0],""pred"":0,""agent"":1}"
c0130,none,0,0,0,0,0,0,1,"{""form"":""passive"",""keep"":0,""n1"":[0,0],""n2"":[0,0],""pred"":3,""agent"":2}"
c0131,none,0,0,0,0,0,0,1,"{""form"":""passive"",""keep"":0,""n1"":[4,5],""n2"":[13,18],""pred"":11,""agent"":2}"
c0132,cleft,1,5,7,13,16,6,1,"{""form"":""cleft"",""keep"":1,""n1"":[5,7],""n2"":[13,16],""pred"":6,""agent"":1}"
c0133,none,0,0,0,0,0,0,1,"{""form"":""passive"",""keep"":0,""n1"":[6,7],""n2"":[1,3],""pred"":4,""agent"":2}"
c0134,none,0,0,0,0,0,0,1,"{""form"":""none"",""keep"":0,""n1"":[0,0],""n2"":[0,0],""pred"":0,""agent"":1}"
c0135,none,0,0,0,0,0,0,1,"{""form"":""none"",""keep"":0,""n1"":[0,0],""n2"":[0,0],""pred"":0,""agent"":1}"
c0136,none,0,0,0,0,0,0,1,"{""form"":""none"",""keep"":0,""n1"":[0,0],""n2"":[0,0],""pred"":0,""agent"":1}"
c0137,none,0,0,0,0,0,0,1,"{""form"":""none"",""keep"":0,""n1"":[0,0],""n2"":[0,0],""pred"":0,""agent"":1}"
c0138,none,0,0,0,0,0,0,1,"{""form"":""none"",""keep"":0,""n1"":[0,0],""n2"":[0,0],""pred"":0,""agent"":1}"
c0139,none,0,0,0,0,0,0,1,"{""form"":""none"",""keep"":0,""n1"":[0,0],""n2"":[0,0],""pred"":0,""agent"":1}"
c0140,none,0,0,0,0,0,0,1,"{""form"":""passive"",""keep"":0,""n1"":[0,0],""n2"":[0,0],""pred"":3,""agent"":2}"
c0141,none,0,0,0,0,0,0,1,"{""form"":""none"",""keep"":0,""n1"":[0,0],""n2"":[0,0],""pred"":0,""agent"":1}"
c0142,none,0,0,0,0,0,0,1,"{""form"":""none"",""keep"":0,""n1"":[0,0],""n2"":[0,0],""pred"":0,""agent"":1}"
c0143,none,0,0,0,0,0,0,1,"{""form"":""none"",""keep"":0,""n1"":[0,0],""n2"":[0,0],""pred"":0,""agent"":1}"
c0144,none,0,0,0,0,0,0,1,"{""form"":""none"",""keep"":0,""n1"":[0,0],""n2"":[0,0],""pred"":0,""agent"":1}"
c0145,none,0,0,0,0,0,0,1,"{""form"":""passive"",""keep"":0,""n1"":[4,6],""n2"":[8,9],""pred"":5,""agent"":2}"
c0146,none,0,0,0,0,0,0,1,"{""form"":""passive"",""keep"":0,""n1"":[5,6],""n2"":[1,2],""pred"":3,""agent"":2}"
c0147,none,0,0,0,0,0,0,1,"{""form"":""none"",""keep"":0,""n1"":[0,0],""n2"":[0,0],""pred"":0,""agent"":1}"
c0148,none,0,0,0,0,0,0,1,"{""form"":""none"",""keep"":0,""n1"":[0,0],""n2"":[0,0],""pred"":0,""agent"":1}"
c0149,none,0,0,0,0,0,0,1,"{""form"":""none"",""keep"":0,""n1"":[0,0],""n2"":[0,0],""pred"":0,""agent"":1}"
c0150,none,0,0,0,0,0,0,1,"{""form"":""passive"",""keep"":0,""n1"":[1,1],""n2"":[6,9],""pred"":3,""agent"":2}"
c0151,none,0,0,0,0,0,0,1,"{""form"":""none"",""keep"":0,""n1"":[0,0],""n2"":[0,0],""pred"":0,""agent"":1}"
c0152,none,0,0,0,0,0,0,1,"{""form"":""none"",""keep"":0,""n1"":[0,0],""n2"":[0,0],""pred"":0,""agent"":1}"
c0153,none,0,0,0,0,0,0,1,"{""form"":""none"",""keep"":0,""n1"":[0,0],""n2"":[0,0],""pred"":0,""agent"":1}"
c0154,none,0,0,0,0,0,0,1,"{""form"":""none"",""keep"":0,""n1"":[0,0],""n2"":[0,0],""pred"":0,""agent"":1}"
c0155,none,0,0,0,0,0,0,1,"{""form"":""none"",""keep"":0,""n1"":[0,0],""n2"":[0,0],""pred"":0,""agent"":1}"
c0156,passive,1,1,3,6,8,4,1,"{""form"":""passive"",""keep"":1,""n1"":[1,3],""n2"":[6,8],""pred"":4,""agent"":1}"
c0157,canonical,1,11,14,7,9,8,1,"{""form"":""canonical"",""keep"":1,""n1"":[11,14],""n2"":[7,9],""pred"":8,""agent"":1}"
c0158,none,0,0,0,0,0,0,1,"{""form"":""none"",""keep"":0,""n1"":[0,0],""n2"":[0,0],""pred"":0,""agent"":1}"
c0159,none,0,0,0,0,0,0,1,"{""form"":""none"",""keep"":0,""n1"":[0,0],""n2"":[0,0],""pred"":0,""agent"":1}"
c0160,none,0,0,0,0,0,0,1,"{""form"":""none"",""keep"":0,""n1"":[0,0],""n2"":[0,0],""pred"":0,""agent"":1}"
c0161,none,0,0,0,0,0,0,1,"{""form"":""none"",""keep"":0,""n1"":[0,0],""n2"":[0,0],""pred"":0,""agent"":1}"
c0162,none,0,0,0,0,0,0,1,"{""form"":""none"",""keep"":0,""n1"":[0,0],""n2"":[0,0],""pred"":0,""agent"":1}"
c0163,none,0,0,0,0,0,0,1,"{""form"":""none"",""keep"":0,""n1"":[0,0],""n2"":[0,0],""pred"":0,""agent"":1}"
c0164,none,0,0,0,0,0,0,1,"{""form"":""passive"",""keep"":0,""n1"":[5,6],""n2"":[1,4],""pred"":3,""agent"":2}"
c0165,none,0,0,0,0,0,0,1,"{""form"":""none"",""keep"":0,""n1"":[0,0],""n2"":[0,0],""pred"":0,""agent"":1}"
c0166,none,0,0,0,0,0,0,1,"{""form"":""passive"",""keep"":0,""n1"":[0,0],""n2"":[0,0],""pred"":0,""agent"":1}"
c0167,none,0,0,0,0,0,0,1,"{""form"":""none"",""keep"":0,""n1"":[0,0],""n2"":[0,0],""pred"":0,""agent"":1}"
c0168,none,0,0,0,0,0,0,1,"{""form"":""none"",""keep"":0,""n1"":[0,0],""n2"":[0,0],""pred"":0,""agent"":1}"
c0169,none,0,0,0,0,0,0,1,"{""form"":""passive"",""keep"":0,""n1"":[0,0],""n2"":[0,0],""pred"":0,""agent"":1}"
c0170,none,0,0,0,0,0,0,1,"{""form"":""passive"",""keep"":0,""n1"":[0,0],""n2"":[0,0],""pred"":0,""agent"":1}"
c0171,none,0,0,0,0,0,0,1,"{""form"":""none"",""keep"":0,""n1"":[0,0],""n2"":[0,0],""pred"":0,""agent"":1}"
c0172,none,0,0,0,0,0,0,1,"{""form"":""none"",""keep"":0,""n1"":[0,0],""n2"":[0,0],""pred"":0,""agent"":1}"
c0173,passive,1,1,2,6,7,3,1,"{""form"":""passive"",""keep"":1,""n1"":[1,2],""n2"":[6,7],""pred"":3,""agent"":1}"
c0174,none,0,0,0,0,0,0,1,"{""form"":""none"",""keep"":0,""n1"":[0,0],""n2"":[0,0],""pred"":0,""agent"":1}"
c0175,none,0,0,0,0,0,0,1,"{""form"":""passive"",""keep"":0,""n1"":[5,6],""n2"":[1,3],""pred"":4,""agent"":2}"
c0176,none,0,0,0,0,0,0,1,"{""form"":""passive"",""keep"":0,""n1"":[6,7],""n2"":[8,9],""pred"":3,""agent"":2}"
c0177,none,0,0,0,0,0,0,1,"{""form"":""none"",""keep"":0,""n1"":[0,0],""n2"":[0,0],""pred"":0,""agent"":1}"
c0178,none,0,0,0,0,0,0,1,"{""form"":""none"",""keep"":0,""n1"":[0,0],""n2"":[0,0],""pred"":0,""agent"":1}"
c0179,none,0,0,0,0,0,0,1,"{""form"":""none"",""keep"":0,""n1"":[0,0],""n2"":[0,0],""pred"":0,""agent"":1}"
c0180,none,0,0,0,0,0,0,1,"{""form"":""passive"",""keep"":0,""n1"":[5,7],""n2"":[14,16],""pred"":7,""agent"":2}"
c0181,none,0,0,0,0,0,0,1,"{""form"":""none"",""keep"":0,""n1"":[0,0],""n2"":[0,0],""pred"":0,""agent"":1}"
c0182,none,0,0,0,0,0,0,1,"{""form"":""none"",""keep"":0,""n1"":[0,0],""n2"":[0,0],""pred"":0,""agent"":1}"
c0183,none,0,0,0,0,0,0,1,"{""form"":""none"",""keep"":0,""n1"":[0,0],""n2"":[0,0],""pred"":0,""agent"":1}"
c0184,none,0,0,0,0,0,0,1,"{""form"":""none"",""keep"":0,""n1"":[0,0],""n2"":[0,0],""pred"":0,""agent"":1}"
c0185,none,0,0,0,0,0,0,1,"{""form"":""none"",""keep"":0,""n1"":[0,0],""n2"":[0,0],""pred"":0,""agent"":1}"
c0186,none,0,0,0,0,0,0,1,"{""form"":""passive"",""keep"":0,""n1"":[1,6],""n2"":[8,9],""pred"":3,""agent"":2}"
c0187,none,0,0,0,0,0,0,1,"{""form"":""passive"",""keep"":0,""n1"":[0,0],""n2"":[0,0],""pred"":7,""agent"":2}"
c0188,none,0,0,0,0,0,0,1,"{""form"":""none"",""keep"":0,""n1"":[0,0],""n2"":[0,0],""pred"":0,""agent"":1}"
c0189,none,0,0,0,0,0,0,1,"{""form"":""none"",""keep"":0,""n1"":[0,0],""n2"":[0,0],""pred"":0,""agent"":1}"
c0190,cleft,1,1,1,5,8,3,1,"{""form"":""cleft"",""keep"":1,""n1"":[1,1],""n2"":[5,8],""pred"":3,""agent"":1}"
c0191,cleft,1,1,1,6,8,3,2,"{""form"":""cleft"",""keep"":1,""n1"":[1,1],""n2"":[6,8],""pred"":3,""agent"":2}"
c0192,none,0,0,0,0,0,0,1,"{""form"":""passive"",""keep"":0,""n1"":[0,0],""n2"":[0,0],""pred"":5,""agent"":2}"
c0193,none,0,0,0,0,0,0,1,"{""form"":""none"",""keep"":0,""n1"":[0,0],""n2"":[0,0],""pred"":0,""agent"":1}"
c0194,none,0,0,0,0,0,0,1,"{""form"":""passive"",""keep"":0,""n1"":[0,0],""n2"":[0,0],""pred"":7,""agent"":2}"
c0195,cleft,1,8,9,10,13,5,1,"{""form"":""cleft"",""keep"":1,""n1"":[8,9],""n2"":[10,13],""pred"":5,""agent"":1}"
c0196,none,0,0,0,0,0,0,1,"{""form"":""none"",""keep"":0,""n1"":[0,0],""n2"":[0,0],""pred"":0,""agent"":1}"
c0197,none,0,0,0,0,0,0,1,"{""form"":""none"",""keep"":0,""n1"":[0,0],""n2"":[0,0],""pred"":0,""agent"":1}"
c0198,none,0,0,0,0,0,0,1,"{""form"":""none"",""keep"":0,""n1"":[0,0],""n2"":[0,0],""pred"":0,""agent"":1}"
c0199,none,0,0,0,0,0,0,1,"{""form"":""none"",""keep"":0,""n1"":[0,0],""n2"":[0,0],""pred"":0,""agent"":1}"
c0200,none,0,0,0,0,0,0,1,"{""form"":""none"",""keep"":0,""n1"":[0,0],""n2"":[0,0],""pred"":0,""agent"":1}"
c0201,none,0,0,0,0,0,0,1,"{""form"":""none"",""keep"":0,""n1"":[0,0],""n2"":[0,0],""pred"":0,""agent"":1}"
c0202,none,0,0,0,0,0,0,1,"{""form"":""none"",""keep"":0,""n1"":[0,0],""n2"":[0,0],""pred"":0,""agent"":1}"
c0203,none,0,0,0,0,0,0,1,"{""form"":""none"",""keep"":0,""n1"":[0,0],""n2"":[0,0],""pred"":0,""agent"":1}"
c0204,none,0,0,0,0,0,0,1,"{""form"":""none"",""keep"":0,""n1"":[0,0],""n2"":[0,0],""pred"":0,""agent"":1}"
c0205,none,0,0,0,0,0,0,1,"{""form"":""none"",""keep"":0,""n1"":[0,0],""n2"":[0,0],""pred"":0,""agent"":1}"
c0206,none,0,0,0,0,0,0,1,"{""form"":""none"",""keep"":0,""n1"":[0,0],""n2"":[0,0],""pred"":0,""agent"":1}"
c0207,none,0,0,0,0,0,0,1,"{""form"":""none"",""keep"":0,""n1"":[0,0],""n2"":[0,0],""pred"":0,""agent"":1}"
c0208,none,0,0,0,0,0,0,1,"{""form"":""none"",""keep"":0,""n1"":[0,0],""n2"":[0,0],""pred"":0,""agent"":1}"
c0209,none,0,0,0,0,0,0,1,"{""form"":""none"",""keep"":0,""n1"":[0,0],""n2"":[0,0],""pred"":0,""agent"":1}"
c0210,none,0,0,0,0,0,0,1,"{""form"":""none"",""keep"":0,""n1"":[0,0],""n2"":[0,0],""pred"":0,""agent"":1}"
c0211,none,0,0,0,0,0,0,1,"{""form"":""none"",""keep"":0,""n1"":[0,0],""n2"":[0,0],""pred"":0,""agent"":1}"
c0212,none,0,0,0,0,0,0,1,"{""form"":""none"",""keep"":0,""n1"":[0,0],""n2"":[0,0],""pred"":0,""agent"":1}"
c0213,none,0,0,0,0,0,0,1,"{""form"":""none"",""keep"":0,""n1"":[0,0],""n2"":[0,0],""pred"":0}"
c0214,none,0,0,0,0,0,0,1,"{""form"":""none"",""keep"":0,""n1"":[0,0],""n2"":[0,0],""pred"":0,""agent"":1}"
c0215,none,0,0,0,0,0,0,1,"{""form"":""none"",""keep"":0,""n1"":[0,0],""n2"":[0,0],""pred"":0,""agent"":1}"
c0216,none,0,0,0,0,0,0,1,"{""form"":""none"",""keep"":0,""n1"":[0,0],""n2"":[0,0],""pred"":0,""agent"":1}"
c0217,none,0,0,0,0,0,0,1,"{""form"":""none"",""keep"":0,""n1"":[0,0],""n2"":[0,0],""pred"":0,""agent"":1}"
c0218,cleft,1,3,4,9,17,5,1,"{""form"":""cleft"",""keep"":1,""n1"":[3,4],""n2"":[9,17],""pred"":5,""agent"":1}"
c0219,none,0,0,0,0,0,0,1,"{""form"":""none"",""keep"":0,""n1"":[0,0],""n2"":[0,0],""pred"":0,""agent"":1}"
c0220,none,0,0,0,0,0,0,1,"{""form"":""none"",""keep"":0,""n1"":[0,0],""n2"":[0,0],""pred"":0,""agent"":1}"
c0221,none,0,0,0,0,0,0,1,"{""form"":""none"",""keep"":0,""n1"":[0,0],""n2"":[0,0],""pred"":0,""agent"":1}"
c0222,none,0,0,0,0,0,0,1,"{""form"":""none"",""keep"":0,""n1"":[0,0],""n2"":[0,0],""pred"":0,""agent"":1}"
c0223,none,0,0,0,0,0,0,1,"{""form"":""none"",""keep"":0,""n1"":[0,0],""n2"":[0,0],""pred"":0,""agent"":1}"
c0224,none,0,0,0,0,0,0,1,"{""form"":""none"",""keep"":0,""n1"":[0,0],""n2"":[0,0],""pred"":0,""agent"":1}"
c0225,none,0,0,0,0,0,0,1,"{""form"":""passive"",""keep"":0,""n1"":[5,7],""n2"":[10,12],""pred"":3,""agent"":2}"
c0226,none,0,0,0,0,0,0,1,"{""form"":""none"",""keep"":0,""n1"":[0,0],""n2"":[0,0],""pred"":0,""agent"":1}"
c0227,none,0,0,0,0,0,0,1,"{""form"":""none"",""keep"":0,""n1"":[0,0],""n2"":[0,0],""pred"":0,""agent"":1}"
c0228,none,0,0,0,0,0,0,1,"{""form"":""none"",""keep"":0,""n1"":[0,0],""n2"":[0,0],""pred"":0,""agent"":1}"
c0229,none,0,0,0,0,0,0,1,"{""form"":""none"",""keep"":0,""n1"":[0,0],""n2"":[0,0],""pred"":0,""agent"":1}"
c0230,none,0,0,0,0,0,0,1,"{""form"":""none"",""keep"":0,""n1"":[0,0],""n2"":[0,0],""pred"":0,""agent"":1}"
c0231,none,0,0,0,0,0,0,1,"{""form"":""none"",""keep"":0,""n1"":[0,0],""n2"":[0,0],""pred"":0,""agent"":1}"
c0232,none,0,0,0,0,0,0,1,"{""form"":""none"",""keep"":0,""n1"":[0,0],""n2"":[0,0],""pred"":0,""agent"":1}"
c0233,none,0,0,0,0,0,0,1,"{""form"":""none"",""keep"":0,""n1"":[0,0],""n2"":[0,0],""pred"":0,""agent"":1}"
c0234,none,0,0,0,0,0,0,1,"{""form"":""none"",""keep"":0,""n1"":[0,0],""n2"":[0,0],""pred"":0,""agent"":1}"
c0235,none,0,0,0,0,0,0,1,"{""form"":""none"",""keep"":0,""n1"":[0,0],""n2"":[0,0],""pred"":0,""agent"":1}"
c0236,none,0,0,0,0,0,0,1,"{""form"":""none"",""keep"":0,""n1"":[0,0],""n2"":[0,0],""pred"":0,""agent"":1}"
c0237,none,0,0,0,0,0,0,1,"{""form"":""none"",""keep"":0,""n1"":[0,0],""n2"":[0,0],""pred"":0,""agent"":1}"
c0238,none,0,0,0,0,0,0,1,"{""form"":""none"",""keep"":0,""n1"":[0,0],""n2"":[0,0],""pred"":0,""agent"":1}"
c0239,none,0,0,0,0,0,0,1,"{""form"":""none"",""keep"":0,""n1"":[0,0],""n2"":[0,0],""pred"":0,""agent"":1}"
c0240,none,0,0,0,0,0,0,1,"{""form"":""none"",""keep"":0,""n1"":[0,0],""n2"":[0,0],""pred"":0,""agent"":1}"
c0241,none,0,0,0,0,0,0,1,"{""form"":""none"",""keep"":0,""n1"":[0,0],""n2"":[0,0],""pred"":0,""agent"":1}"
c0242,none,0,0,0,0,0,0,1,"{""form"":""none"",""keep"":0,""n1"":[0,0],""n2"":[0,0],""pred"":0,""agent"":1}"
c0243,none,0,0,0,0,0,0,1,"{""form"":""none"",""keep"":0,""n1"":[0,0],""n2"":[0,0],""pred"":0,""agent"":1}"
c0244,none,0,0,0,0,0,0,1,"{""form"":""none"",""keep"":0,""n1"":[0,0],""n2"":[0,0],""pred"":0,""agent"":1}"
c0245,none,0,0,0,0,0,0,1,"{""form"":""none"",""keep"":0,""n1"":[0,0],""n2"":[0,0],""pred"":0,""agent"":1}"
c0246,none,0,0,0,0,0,0,1,"{""form"":""none"",""keep"":0,""n1"":[0,0],""n2"":[0,0],""pred"":0,""agent"":1}"
c0247,none,0,0,0,0,0,0,1,"{""form"":""none"",""keep"":0,""n1"":[0,0],""n2"":[0,0],""pred"":0}"
c0248,none,0,0,0,0,0,0,1,"{""form"":""none"",""keep"":0,""n1"":[0,0],""n2"":[0,0],""pred"":0,""agent"":1}"
c0249,none,0,0,0,0,0,0,1,"{""form"":""none"",""keep"":0,""n1"":[0,0],""n2"":[0,0],""pred"":0,""agent"":1}"
c0250,cleft,1,1,1,3,4,2,1,"{""form"":""cleft"",""keep"":1,""n1"":[1,1],""n2"":[3,4],""pred"":2,""agent"":1}"
c0251,none,0,0,0,0,0,0,1,"{""form"":""none"",""keep"":0,""n1"":[0,0],""n2"":[0,0],""pred"":0,""agent"":1}"
c0252,none,0,0,0,0,0,0,1,"{""form"":""none"",""keep"":0,""n1"":[0,0],""n2"":[0,0],""pred"":0,""agent"":1}"
c0253,none,0,0,0,0,0,0,1,"{""form"":""none"",""keep"":0,""n1"":[0,0],""n2"":[0,0],""pred"":0,""agent"":1}"
c0254,none,0,0,0,0,0,0,1,"{""form"":""none"",""keep"":0,""n1"":[0,0],""n2"":[0,0],""pred"":0,""agent"":1}"
c0255,none,0,0,0,0,0,0,1,"{""form"":""none"",""keep"":0,""n1"":[0,0],""n2"":[0,0],""pred"":0,""agent"":1}"
c0256,none,0,0,0,0,0,0,1,"{""form"":""none"",""keep"":0,""n1"":[0,0],""n2"":[0,0],""pred"":0,""agent"":1}"
c0257,none,0,0,0,0,0,0,1,"{""form"":""none"",""keep"":0,""n1"":[0,0],""n2"":[0,0],""pred"":0,""agent"":1}"
c0258,none,0,0,0,0,0,0,1,"{""form"":""none"",""keep"":0,""n1"":[0,0],""n2"":[0,0],""pred"":0,""agent"":1}"
c0259,none,0,0,0,0,0,0,1,"{""form"":""none"",""keep"":0,""n1"":[0,0],""n2"":[0,0],""pred"":0,""agent"":1}"
c0260,none,0,0,0,0,0,0,1,"{""form"":""none"",""keep"":0,""n1"":[0,0],""n2"":[0,0],""pred"":0,""agent"":1}"
c0261,none,0,0,0,0,0,0,1,"{""form"":""none"",""keep"":0,""n1"":[0,0],""n2"":[0,0],""pred"":0,""agent"":1}"
c0262,none,0,0,0,0,0,0,1,"{""form"":""none"",""keep"":0,""n1"":[0,0],""n2"":[0,0],""pred"":0,""agent"":1}"
c0263,none,0,0,0,0,0,0,1,"{""form"":""none"",""keep"":0,""n1"":[0,0],""n2"":[0,0],""pred"":0,""agent"":1}"
c0264,none,0,0,0,0,0,0,1,"{""form"":""none"",""keep"":0,""n1"":[0,0],""n2"":[0,0],""pred"":0,""agent"":1}"
c0265,none,0,0,0,0,0,0,1,"{""form"":""none"",""keep"":0,""n1"":[0,0],""n2"":[0,0],""pred"":0,""agent"":1}"
c0266,cleft,1,2,3,6,9,5,1,"{""form"":""cleft"",""keep"":1,""n1"":[2,3],""n2"":[6,9],""pred"":5,""agent"":1}"
c0267,none,0,0,0,0,0,0,1,"{""form"":""none"",""keep"":0,""n1"":[0,0],""n2"":[0,0],""pred"":0,""agent"":1}"
c0268,none,0,0,0,0,0,0,1,"{""form"":""none"",""keep"":0,""n1"":[0,0],""n2"":[0,0],""pred"":0,""agent"":1}"
c0269,none,0,0,0,0,0,0,1,"{""form"":""none"",""keep"":0,""n1"":[0,0],""n2"":[0,0],""pred"":0,""agent"":1}"
c0270,none,0,0,0,0,0,0,1,"{""form"":""none"",""keep"":0,""n1"":[0,0],""n2"":[0,0],""pred"":0,""agent"":1}"
c0271,none,0,0,0,0,0,0,1,"{""form"":""none"",""keep"":0,""n1"":[0,0],""n2"":[0,0],""pred"":0,""agent"":1}"
c0272,none,0,0,0,0,0,0,1,"{""form"":""none"",""keep"":0,""n1"":[0,0],""n2"":[0,0],""pred"":0,""agent"":1}"
c0273,none,0,0,0,0,0,0,1,"{""form"":""none"",""keep"":0,""n1"":[0,0],""n2"":[0,0],""pred"":0,""agent"":1}"
c0274,none,0,0,0,0,0,0,1,"{""form"":""none"",""keep"":0,""n1"":[0,0],""n2"":[0,0],""pred"":0,""agent"":1}"
c0275,none,0,0,0,0,0,0,1,"{""form"":""none"",""keep"":0,""n1"":[0,0],""n2"":[0,0],""pred"":0,""agent"":1}"
c0276,none,0,0,0,0,0,0,1,"{""form"":""none"",""keep"":0,""n1"":[0,0],""n2"":[0,0],""pred"":0,""agent"":1}"
c0277,none,0,0,0,0,0,0,1,"{""form"":""canonical"",""keep"":1,""n1"":[3,4],""n2"":[2,5],""pred"":3,""agent"":1}"
c0278,none,0,0,0,0,0,0,1,"{""form"":""none"",""keep"":0,""n1"":[0,0],""n2"":[0,0],""pred"":0,""agent"":1}"
c0279,none,0,0,0,0,0,0,1,"{""form"":""none"",""keep"":0,""n1"":[0,0],""n2"":[0,0],""pred"":0,""agent"":1}"
c0280,none,0,0,0,0,0,0,1,"{""form"":""none"",""keep"":0,""n1"":[0,0],""n2"":[0,0],""pred"":0,""agent"":1}"
c0281,none,0,0,0,0,0,0,1,"{""form"":""none"",""keep"":0,""n1"":[0,0],""n2"":[0,0],""pred"":0,""agent"":1}"
c0282,none,0,0,0,0,0,0,1,"{""form"":""none"",""keep"":0,""n1"":[0,0],""n2"":[0,0],""pred"":0,""agent"":1}"
c0283,none,0,0,0,0,0,0,1,"{""form"":""none"",""keep"":0,""n1"":[0,0],""n2"":[0,0],""pred"":0,""agent"":1}"
c0284,none,0,0,0,0,0,0,1,"{""form"":""none"",""keep"":0,""n1"":[0,0],""n2"":[0,0],""pred"":0,""agent"":1}"
c0285,none,0,0,0,0,0,0,1,"{""form"":""none"",""keep"":0,""n1"":[0,0],""n2"":[0,0],""pred"":0,""agent"":1}"
c0286,cleft,1,3,4,9,14,11,2,"{""form"":""cleft"",""keep"":1,""n1"":[3,4],""n2"":[9,14],""pred"":11,""agent"":2}"
c0287,none,0,0,0,0,0,0,1,"{""form"":""none"",""keep"":0,""n1"":[0,0],""n2"":[0,0],""pred"":0,""agent"":1}"
c0288,cleft,1,2,3,7,9,3,1,"{""form"":""cleft"",""keep"":1,""n1"":[2,3],""n2"":[7,9],""pred"":3,""agent"":1}"
c0289,none,0,0,0,0,0,0,1,"{""form"":""none"",""keep"":0,""n1"":[0,0],""n2"":[0,0],""pred"":0,""agent"":1}"
c0290,none,0,0,0,0,0,0,1,"{""form"":""none"",""keep"":0,""n1"":[0,0],""n2"":[0,0],""pred"":0,""agent"":1}"
c0291,none,0,0,0,0,0,0,1,"{""form"":""none"",""keep"":0,""n1"":[0,0],""n2"":[0,0],""pred"":0,""agent"":1}"
c0292,none,0,0,0,0,0,0,1,"{""form"":""none"",""keep"":0,""n1"":[0,0],""n2"":[0,0],""pred"":0}"
c0293,none,0,0,0,0,0,0,1,"{""form"":""none"",""keep"":0,""n1"":[0,0],""n2"":[0,0],""pred"":0}"
c0294,none,0,0,0,0,0,0,1,"{""form"":""none"",""keep"":0,""n1"":[0,0],""n2"":[0,0],""pred"":0,""agent"":1}"
c0295,none,0,0,0,0,0,0,1,"{""form"":""none"",""keep"":0,""n1"":[0,0],""n2"":[0,0],""pred"":0,""agent"":1}"
c0296,none,0,0,0,0,0,0,1,"{""form"":""none"",""keep"":0,""n1"":[0,0],""n2"":[0,0],""pred"":0,""agent"":1}"
c0297,none,0,0,0,0,0,0,1,"{""form"":""none"",""keep"":0,""n1"":[0,0],""n2"":[0,0],""pred"":0,""agent"":1}"
c0298,none,0,0,0,0,0,0,1,"{""form"":""none"",""keep"":0,""n1"":[0,0],""n2"":[0,0],""pred"":0,""agent"":1}"
c0299,none,0,0,0,0,0,0,1,"{""form"":""none"",""keep"":0,""n1"":[0,0],""n2"":[0,0],""pred"":0,""agent"":1}"
c0300,none,0,0,0,0,0,0,1,"{""form"":""none"",""keep"":0,""n1"":[0,0],""n2"":[0,0],""pred"":0,""agent"":1}"
c0301,none,0,0,0,0,0,0,1,"{""form"":""none"",""keep"":0,""n1"":[0,0],""n2"":[0,0],""pred"":0,""agent"":1}"
c0302,none,0,0,0,0,0,0,1,"{""form"":""none"",""keep"":0,""n1"":[0,0],""n2"":[0,0],""pred"":0,""agent"":1}"
c0303,none,0,0,0,0,0,0,1,"{""form"":""none"",""keep"":0,""n1"":[0,0],""n2"":[0,0],""pred"":0,""agent"":1}"
c0304,none,0,0,0,0,0,0,1,"{""form"":""none"",""keep"":0,""n1"":[0,0],""n2"":[0,0],""pred"":0,""agent"":1}"
c0305,none,0,0,0,0,0,0,1,"{""form"":""none"",""keep"":0,""n1"":[0,0],""n2"":[0,0],""pred"":0,""agent"":1}"
c0306,none,0,0,0,0,0,0,1,"{""form"":""none"",""keep"":0,""n1"":[0,0],""n2"":[0,0],""pred"":0,""agent"":1}"
c0307,none,0,0,0,0,0,0,1,"{""form"":""none"",""keep"":0,""n1"":[0,0],""n2"":[0,0],""pred"":0,""agent"":1}"
c0308,none,0,0,0,0,0,0,1,"{""form"":""none"",""keep"":0,""n1"":[0,0],""n2"":[0,0],""pred"":0,""agent"":1}"
c0309,none,0,0,0,0,0,0,1,"{""form"":""none"",""keep"":0,""n1"":[0,0],""n2"":[0,0],""pred"":0,""agent"":1}"
c0310,none,0,0,0,0,0,0,1,"{""form"":""none"",""keep"":0,""n1"":[0,0],""n2"":[0,0],""pred"":0,""agent"":1}"
c0311,none,0,0,0,0,0,0,1,"{""form"":""none"",""keep"":0,""n1"":[0,0],""n2"":[0,0],""pred"":0,""agent"":1}"
c0312,none,0,0,0,0,0,0,1,"{""form"":""none"",""keep"":0,""n1"":[0,0],""n2"":[0,0],""pred"":0,""agent"":1}"
c0313,none,0,0,0,0,0,0,1,"{""form"":""none"",""keep"":0,""n1"":[0,0],""n2"":[0,0],""pred"":0,""agent"":1}"
c0314,none,0,0,0,0,0,0,1,"{""form"":""none"",""keep"":0,""n1"":[0,0],""n2"":[0,0],""pred"":0,""agent"":1}"
c0315,none,0,0,0,0,0,0,1,"{""form"":""none"",""keep"":0,""n1"":[0,0],""n2"":[0,0],""pred"":0,""agent"":1}"
c0316,none,0,0,0,0,0,0,1,"{""form"":""none"",""keep"":0,""n1"":[0,0],""n2"":[0,0],""pred"":0,""agent"":1}"
c0317,none,0,0,0,0,0,0,1,"{""form"":""none"",""keep"":0,""n1"":[0,0],""n2"":[0,0],""pred"":0,""agent"":1}"
c0318,none,0,0,0,0,0,0,1,"{""form"":""none"",""keep"":0,""n1"":[0,0],""n2"":[0,0],""pred"":0,""agent"":1}"
c0319,none,0,0,0,0,0,0,1,"{""form"":""none"",""keep"":0,""n1"":[0,0],""n2"":[0,0],""pred"":0,""agent"":1}"
c0320,none,0,0,0,0,0,0,1,"{""form"":""none"",""keep"":0,""n1"":[0,0],""n2"":[0,0],""pred"":0,""agent"":1}"
c0321,none,0,0,0,0,0,0,1,"{""form"":""none"",""keep"":0,""n1"":[0,0],""n2"":[0,0],""pred"":0,""agent"":1}"
c0322,none,0,0,0,0,0,0,1,"{""form"":""none"",""keep"":0,""n1"":[0,0],""n2"":[0,0],""pred"":0,""agent"":1}"
c0323,none,0,0,0,0,0,0,1,"{""form"":""none"",""keep"":0,""n1"":[0,0],""n2"":[0,0],""pred"":0,""agent"":1}"
c0324,none,0,0,0,0,0,0,1,"{""form"":""none"",""keep"":0,""n1"":[0,0],""n2"":[0,0],""pred"":0,""agent"":1}"
c0325,none,0,0,0,0,0,0,1,"{""form"":""none"",""keep"":0,""n1"":[0,0],""n2"":[0,0],""pred"":0,""agent"":1}"
c0326,none,0,0,0,0,0,0,1,"{""form"":""none"",""keep"":0,""n1"":[0,0],""n2"":[0,0],""pred"":0,""agent"":1}"
c0327,none,0,0,0,0,0,0,1,"{""form"":""none"",""keep"":0,""n1"":[0,0],""n2"":[0,0],""pred"":0,""agent"":1}"
c0328,none,0,0,0,0,0,0,1,"{""form"":""none"",""keep"":0,""n1"":[0,0],""n2"":[0,0],""pred"":0,""agent"":1}"
c0329,none,0,0,0,0,0,0,1,"{""form"":""none"",""keep"":0,""n1"":[0,0],""n2"":[0,0],""pred"":0,""agent"":1}"
c0330,none,0,0,0,0,0,0,1,"{""form"":""none"",""keep"":0,""n1"":[0,0],""n2"":[0,0],""pred"":0,""agent"":1}"
c0331,none,0,0,0,0,0,0,1,"{""form"":""none"",""keep"":0,""n1"":[0,0],""n2"":[0,0],""pred"":0,""agent"":1}"
c0332,none,0,0,0,0,0,0,1,"{""form"":""none"",""keep"":0,""n1"":[0,0],""n2"":[0,0],""pred"":0,""agent"":1}"
c0333,none,0,0,0,0,0,0,1,"{""form"":""none"",""keep"":0,""n1"":[0,0],""n2"":[0,0],""pred"":0,""agent"":1}"
c0334,none,0,0,0,0,0,0,1,"{""form"":""none"",""keep"":0,""n1"":[0,0],""n2"":[0,0],""pred"":0,""agent"":1}"
c0335,none,0,0,0,0,0,0,1,"{""form"":""none"",""keep"":0,""n1"":[0,0],""n2"":[0,0],""pred"":0,""agent"":1}"
c0336,none,0,0,0,0,0,0,1,"{""form"":""none"",""keep"":0,""n1"":[0,0],""n2"":[0,0],""pred"":0,""agent"":1}"
c0337,none,0,0,0,0,0,0,1,"{""form"":""none"",""keep"":0,""n1"":[0,0],""n2"":[0,0],""pred"":0,""agent"":1}"
c0338,none,0,0,0,0,0,0,1,"{""form"":""none"",""keep"":0,""n1"":[0,0],""n2"":[0,0],""pred"":0,""agent"":1}"
c0339,none,0,0,0,0,0,0,1,"{""form"":""none"",""keep"":0,""n1"":[0,0],""n2"":[0,0],""pred"":0,""agent"":1}"
c0340,none,0,0,0,0,0,0,1,"{""form"":""none"",""keep"":0,""n1"":[0,0],""n2"":[0,0],""pred"":0,""agent"":1}"
c0341,none,0,0,0,0,0,0,1,"{""form"":""none"",""keep"":0,""n1"":[0,0],""n2"":[0,0],""pred"":0,""agent"":1}"
c0342,none,0,0,0,0,0,0,1,"{""form"":""none"",""keep"":0,""n1"":[0,0],""n2"":[0,0],""pred"":0,""agent"":1}"
c0343,none,0,0,0,0,0,0,1,"{""form"":""none"",""keep"":0,""n1"":[0,0],""n2"":[0,0],""pred"":0,""agent"":1}"
c0344,none,0,0,0,0,0,0,1,"{""form"":""none"",""keep"":0,""n1"":[0,0],""n2"":[0,0],""pred"":0,""agent"":1}"
c0345,none,0,0,0,0,0,0,1,"{""form"":""none"",""keep"":0,""n1"":[0,0],""n2"":[0,0],""pred"":0,""agent"":1}"
c0346,none,0,0,0,0,0,0,1,"{""form"":""none"",""keep"":0,""n1"":[0,0],""n2"":[0,0],""pred"":0,""agent"":1}"
c0347,none,0,0,0,0,0,0,1,"{""form"":""none"",""keep"":0,""n1"":[0,0],""n2"":[0,0],""pred"":0,""agent"":1}"
c0348,none,0,0,0,0,0,0,1,"{""form"":""none"",""keep"":0,""n1"":[0,0],""n2"":[0,0],""pred"":0,""agent"":1}"
c0349,none,0,0,0,0,0,0,1,"{""form"":""none"",""keep"":0,""n1"":[0,0],""n2"":[0,0],""pred"":0,""agent"":1}"
c0350,none,0,0,0,0,0,0,1,"{""form"":""none"",""keep"":0,""n1"":[0,0],""n2"":[0,0],""pred"":0,""agent"":1}"
c0351,none,0,0,0,0,0,0,1,"{""form"":""none"",""keep"":0,""n1"":[0,0],""n2"":[0,0],""pred"":0,""agent"":1}"
c0352,none,0,0,0,0,0,0,1,"{""form"":""none"",""keep"":0,""n1"":[0,0],""n2"":[0,0],""pred"":0,""agent"":1}"
c0353,none,0,0,0,0,0,0,1,"{""form"":""none"",""keep"":0,""n1"":[0,0],""n2"":[0,0],""pred"":0,""agent"":1}"
c0354,none,0,0,0,0,0,0,1,"{""form"":""none"",""keep"":0,""n1"":[0,0],""n2"":[0,0],""pred"":0,""agent"":1}"
c0355,none,0,0,0,0,0,0,1,"{""form"":""none"",""keep"":0,""n1"":[0,0],""n2"":[0,0],""pred"":0,""agent"":1}"
c0356,none,0,0,0,0,0,0,1,"{""form"":""none"",""keep"":0,""n1"":[0,0],""n2"":[0,0],""pred"":0,""agent"":1}"
c0357,none,0,0,0,0,0,0,1,"{""form"":""none"",""keep"":0,""n1"":[0,0],""n2"":[0,0],""pred"":0,""agent"":1}"
c0358,none,0,0,0,0,0,0,1,"{""form"":""none"",""keep"":0,""n1"":[0,0],""n2"":[0,0],""pred"":0,""agent"":1}"
c0359,none,0,0,0,0,0,0,1,"{""form"":""none"",""keep"":0,""n1"":[0,0],""n2"":[0,0],""pred"":0,""agent"":1}"
c0360,none,0,0,0,0,0,0,1,"{""form"":""none"",""keep"":0,""n1"":[0,0],""n2"":[0,0],""pred"":0,""agent"":1}"
c0361,none,0,0,0,0,0,0,1,"{""form"":""none"",""keep"":0,""n1"":[0,0],""n2"":[0,0],""pred"":0,""agent"":1}"
c0362,none,0,0,0,0,0,0,1,"{""form"":""none"",""keep"":0,""n1"":[0,0],""n2"":[0,0],""pred"":0,""agent"":1}"
c0363,none,0,0,0,0,0,0,1,"{""form"":""none"",""keep"":0,""n1"":[0,0],""n2"":[0,0],""pred"":0,""agent"":1}"
c0364,none,0,0,0,0,0,0,1,"{""form"":""none"",""keep"":0,""n1"":[0,0],""n2"":[0,0],""pred"":0,""agent"":1}"
c0365,none,0,0,0,0,0,0,1,"{""form"":""none"",""keep"":0,""n1"":[0,0],""n2"":[0,0],""pred"":0,""agent"":1}"
c0366,none,0,0,0,0,0,0,1,"{""form"":""none"",""keep"":0,""n1"":[0,0],""n2"":[0,0],""pred"":0,""agent"":1}"
c0367,none,0,0,0,0,0,0,1,"{""form"":""none"",""keep"":0,""n1"":[0,0],""n2"":[0,0],""pred"":0,""agent"":1}"
c0368,none,0,0,0,0,0,0,1,"{""form"":""none"",""keep"":0,""n1"":[0,0],""n2"":[0,0],""pred"":0,""agent"":1}"
c0369,none,0,0,0,0,0,0,1,"{""form"":""none"",""keep"":0,""n1"":[0,0],""n2"":[0,0],""pred"":0,""agent"":1}"
c0370,none,0,0,0,0,0,0,1,"{""form"":""none"",""keep"":0,""n1"":[0,0],""n2"":[0,0],""pred"":0,""agent"":1}"
c0371,none,0,0,0,0,0,0,1,"{""form"":""none"",""keep"":0,""n1"":[0,0],""n2"":[0,0],""pred"":0,""agent"":1}"
c0372,none,0,0,0,0,0,0,1,"{""form"":""none"",""keep"":0,""n1"":[0,0],""n2"":[0,0],""pred"":0,""agent"":1}"
c0373,none,0,0,0,0,0,0,1,"{""form"":""none"",""keep"":0,""n1"":[0,0],""n2"":[0,0],""pred"":0,""agent"":1}"
c0374,none,0,0,0,0,0,0,1,"{""form"":""none"",""keep"":0,""n1"":[0,0],""n2"":[0,0],""pred"":0,""agent"":1}"
c0375,none,0,0,0,0,0,0,1,"{""form"":""none"",""keep"":0,""n1"":[0,0],""n2"":[0,0],""pred"":0}"
c0376,none,0,0,0,0,0,0,1,"{""form"":""none"",""keep"":0,""n1"":[0,0],""n2"":[0,0],""pred"":0,""agent"":1}"
c0377,none,0,0,0,0,0,0,1,"{""form"":""none"",""keep"":0,""n1"":[0,0],""n2"":[0,0],""pred"":0,""agent"":1}"
c0378,none,0,0,0,0,0,0,1,"{""form"":""none"",""keep"":0,""n1"":[0,0],""n2"":[0,0],""pred"":0,""agent"":1}"
c0379,none,0,0,0,0,0,0,1,"{""form"":""none"",""keep"":0,""n1"":[0,0],""n2"":[0,0],""pred"":0,""agent"":1}"
c0380,none,0,0,0,0,0,0,1,"{""form"":""none"",""keep"":0,""n1"":[0,0],""n2"":[0,0],""pred"":0,""agent"":1}"
c0381,none,0,0,0,0,0,0,1,"{""form"":""none"",""keep"":0,""n1"":[0,0],""n2"":[0,0],""pred"":0,""agent"":1}"
c0382,none,0,0,0,0,0,0,1,"{""form"":""none"",""keep"":0,""n1"":[0,0],""n2"":[0,0],""pred"":0,""agent"":1}"
c0383,none,0,0,0,0,0,0,1,"{""form"":""none"",""keep"":0,""n1"":[0,0],""n2"":[0,0],""pred"":0,""agent"":1}"
c0384,none,0,0,0,0,0,0,1,"{""form"":""none"",""keep"":0,""n1"":[0,0],""n2"":[0,0],""pred"":0,""agent"":1}"
c0385,none,0,0,0,0,0,0,1,"{""form"":""none"",""keep"":0,""n1"":[0,0],""n2"":[0,0],""pred"":0,""agent"":1}"
c0386,none,0,0,0,0,0,0,1,"{""form"":""none"",""keep"":0,""n1"":[0,0],""n2"":[0,0],""pred"":0,""agent"":1}"
c0387,none,0,0,0,0,0,0,1,"{""form"":""none"",""keep"":0,""n1"":[0,0],""n2"":[0,0],""pred"":0,""agent"":1}"
c0388,none,0,0,0,0,0,0,1,"{""form"":""none"",""keep"":0,""n1"":[0,0],""n2"":[0,0],""pred"":0,""agent"":1}"
c0389,none,0,0,0,0,0,0,1,"{""form"":""none"",""keep"":0,""n1"":[0,0],""n2"":[0,0],""pred"":0,""agent"":1}"
c0390,none,0,0,0,0,0,0,1,"{""form"":""none"",""keep"":0,""n1"":[0,0],""n2"":[0,0],""pred"":0,""agent"":1}"
c0391,none,0,0,0,0,0,0,1,"{""form"":""none"",""keep"":0,""n1"":[0,0],""n2"":[0,0],""pred"":0,""agent"":1}"
c0392,cleft,1,3,4,7,8,7,1,"{""form"":""cleft"",""keep"":1,""n1"":[3,4],""n2"":[7,8],""pred"":7,""agent"":1}"
c0393,none,0,0,0,0,0,0,1,"{""form"":""none"",""keep"":0,""n1"":[0,0],""n2"":[0,0],""pred"":0,""agent"":1}"
c0394,none,0,0,0,0,0,0,1,"{""form"":""none"",""keep"":0,""n1"":[0,0],""n2"":[0,0],""pred"":0,""agent"":1}"
c0395,none,0,0,0,0,0,0,1,"{""form"":""none"",""keep"":0,""n1"":[0,0],""n2"":[0,0],""pred"":0,""agent"":1}"
c0396,none,0,0,0,0,0,0,1,"{""form"":""none"",""keep"":0,""n1"":[0,0],""n2"":[0,0],""pred"":0,""agent"":1}"
c0397,none,0,0,0,0,0,0,1,"{""form"":""none"",""keep"":0,""n1"":[0,0],""n2"":[0,0],""pred"":0}"
c0398,none,0,0,0,0,0,0,1,"{""form"":""none"",""keep"":0,""n1"":[0,0],""n2"":[0,0],""pred"":0,""agent"":1}"
c0399,none,0,0,0,0,0,0,1,"{""form"":""none"",""keep"":0,""n1"":[0,0],""n2"":[0,0],""pred"":0,""agent"":1}"
c0400,none,0,0,0,0,0,0,1,"{""form"":""none"",""keep"":0,""n1"":[0,0],""n2"":[0,0],""pred"":0,""agent"":1}"
c0401,cleft,1,4,6,7,9,8,1,"{""form"":""cleft"",""keep"":1,""n1"":[4,6],""n2"":[7,9],""pred"":8,""agent"":1}"
c0402,cleft,1,5,7,9,14,10,1,"{""form"":""cleft"",""keep"":1,""n1"":[5,7],""n2"":[9,14],""pred"":10,""agent"":1}"
c0403,cleft,1,3,6,7,15,8,1,"{""form"":""cleft"",""keep"":1,""n1"":[3,6],""n2"":[7,15],""pred"":8,""agent"":1}"
c0404,cleft,1,3,7,10,15,14,1,"{""form"":""cleft"",""keep"":1,""n1"":[3,7],""n2"":[10,15],""pred"":14,""agent"":1}"
c0405,cleft,1,4,6,9,17,10,1,"{""form"":""cleft"",""keep"":1,""n1"":[4,6],""n2"":[9,17],""pred"":10,""agent"":1}"
c0406,none,0,0,0,0,0,0,1,"{""form"":""none"",""keep"":0,""n1"":[0,0],""n2"":[0,0],""pred"":0,""agent"":1}"
c0407,none,0,0,0,0,0,0,1,"{""form"":""none"",""keep"":0,""n1"":[0,0],""n2"":[0,0],""pred"":0,""agent"":1}"
c0408,none,0,0,0,0,0,0,1,"{""form"":""none"",""keep"":0,""n1"":[0,0],""n2"":[0,0],""pred"":0,""agent"":1}"
c0409,none,0,0,0,0,0,0,1,"{""form"":""none"",""keep"":0,""n1"":[0,0],""n2"":[0,0],""pred"":0}"
c0410,none,0,0,0,0,0,0,1,"{""form"":""none"",""keep"":0,""n1"":[0,0],""n2"":[0,0],""pred"":0,""agent"":1}"
c0411,none,0,0,0,0,0,0,1,"{""form"":""none"",""keep"":0,""n1"":[0,0],""n2"":[0,0],""pred"":0,""agent"":1}"
c0412,cleft,1,4,6,8,13,12,1,"{""form"":""cleft"",""keep"":1,""n1"":[4,6],""n2"":[8,13],""pred"":12,""agent"":1}"
c0413,cleft,1,3,4,8,9,10,1,"{""form"":""cleft"",""keep"":1,""n1"":[3,4],""n2"":[8,9],""pred"":10,""agent"":1}"
c0414,none,0,0,0,0,0,0,1,"{""form"":""none"",""keep"":0,""n1"":[0,0],""n2"":[0,0],""pred"":0,""agent"":1}"
c0415,cleft,1,3,4,13,15,14,2,"{""form"":""cleft"",""keep"":1,""n1"":[3,4],""n2"":[13,15],""pred"":14,""agent"":2}"
c0416,cleft,1,3,5,7,20,8,2,"{""form"":""cleft"",""keep"":1,""n1"":[3,5],""n2"":[7,20],""pred"":8,""agent"":2}"
c0417,none,0,0,0,0,0,0,1,"{""form"":""none"",""keep"":0,""n1"":[0,0],""n2"":[0,0],""pred"":0,""agent"":1}"
c0418,cleft,1,9,10,6,7,14,1,"{""form"":""cleft"",""keep"":1,""n1"":[9,10],""n2"":[6,7],""pred"":14,""agent"":1}"
c0419,cleft,1,6,7,8,9,5,1,"{""form"":""cleft"",""keep"":1,""n1"":[6,7],""n2"":[8,9],""pred"":5,""agent"":1}"
c0420,cleft,1,3,6,9,18,9,1,"{""form"":""cleft"",""keep"":1,""n1"":[3,6],""n2"":[9,18],""pred"":9,""agent"":1}"
c0421,cleft,1,9,16,3,7,18,1,"{""form"":""cleft"",""keep"":1,""n1"":[9,16],""n2"":[3,7],""pred"":18,""agent"":1}"
c0422,none,0,0,0,0,0,0,1,"{""form"":""none"",""keep"":0,""n1"":[0,0],""n2"":[0,0],""pred"":0,""agent"":1}"
c0423,none,0,0,0,0,0,0,1,"{""form"":""none"",""keep"":0,""n1"":[0,0],""n2"":[0,0],""pred"":0,""agent"":1}"
c0424,cleft,1,3,4,6,7,6,1,"{""form"":""cleft"",""keep"":1,""n1"":[3,4],""n2"":[6,7],""pred"":6,""agent"":1}"
c0425,cleft,1,4,6,9,14,10,1,"{""form"":""cleft"",""keep"":1,""n1"":[4,6],""n2"":[9,14],""pred"":10,""agent"":1}"
c0426,none,0,0,0,0,0,0,1,"{""form"":""none"",""keep"":0,""n1"":[0,0],""n2"":[0,0],""pred"":0,""agent"":1}"
c0427,none,0,0,0,0,0,0,1,"{""form"":""none"",""keep"":0,""n1"":[0,0],""n2"":[0,0],""pred"":0,""agent"":1}"
c0428,none,0,0,0,0,0,0,1,"{""form"":""none"",""keep"":0,""n1"":[0,0],""n2"":[0,0],""pred"":0,""agent"":1}"
c0429,none,0,0,0,0,0,0,1,"{""form"":""none"",""keep"":0,""n1"":[0,0],""n2"":[0,0],""pred"":0}"
c0430,none,0,0,0,0,0,0,1,"{""form"":""none"",""keep"":0,""n1"":[0,0],""n2"":[0,0],""pred"":0,""agent"":1}"
c0431,cleft,1,4,5,6,12,7,1,"{""form"":""cleft"",""keep"":1,""n1"":[4,5],""n2"":[6,12],""pred"":7,""agent"":1}"
c0432,cleft,1,3,6,10,11,5,1,"{""form"":""cleft"",""keep"":1,""n1"":[3,6],""n2"":[10,11],""pred"":5,""agent"":1}"
c0433,cleft,1,2,3,12,17,13,1,"{""form"":""cleft"",""keep"":1,""n1"":[2,3],""n2"":[12,17],""pred"":13,""agent"":1}"
c0434,none,0,0,0,0,0,0,1,"{""form"":""none"",""keep"":0,""n1"":[0,0],""n2"":[0,0],""pred"":0}"
c0435,none,0,0,0,0,0,0,1,"{""form"":""none"",""keep"":0,""n1"":[0,0],""n2"":[0,0],""pred"":0,""agent"":1}"
c0436,none,0,0,0,0,0,0,1,"{""form"":""none"",""keep"":0,""n1"":[0,0],""n2"":[0,0],""pred"":0,""agent"":1}"
c0437,none,0,0,0,0,0,0,1,"{""form"":""none"",""keep"":0,""n1"":[0,0],""n2"":[0,0],""pred"":0,""agent"":1}"
c0438,cleft,1,3,4,15,18,17,1,"{""form"":""cleft"",""keep"":1,""n1"":[3,4],""n2"":[15,18],""pred"":17,""agent"":1}"
c0439,cleft,1,3,4,6,9,5,1,"{""form"":""cleft"",""keep"":1,""n1"":[3,4],""n2"":[6,9],""pred"":5,""agent"":1}"
c0440,cleft,1,4,6,7,15,9,1,"{""form"":""cleft"",""keep"":1,""n1"":[4,6],""n2"":[7,15],""pred"":9,""agent"":1}"
c0441,none,0,0,0,0,0,0,1,"{""form"":""cleft"",""keep"":1,""n1"":[5,6],""n2"":[4,9],""pred"":9,""agent"":1}"
c0442,cleft,1,3,4,6,9,7,1,"{""form"":""cleft"",""keep"":1,""n1"":[3,4],""n2"":[6,9],""pred"":7,""agent"":1}"
c0443,none,0,0,0,0,0,0,1,"{""form"":""none"",""keep"":0,""n1"":[0,0],""n2"":[0,0],""pred"":0,""agent"":1}"
c0444,cleft,1,3,5,12,17,13,1,"{""form"":""cleft"",""keep"":1,""n1"":[3,5],""n2"":[12,17],""pred"":13,""agent"":1}"
c0445,none,0,0,0,0,0,0,1,"{""form"":""none"",""keep"":0,""n1"":[0,0],""n2"":[0,0],""pred"":0,""agent"":1}"
c0446,cleft,1,9,11,4,5,12,1,"{""form"":""cleft"",""keep"":1,""n1"":[9,11],""n2"":[4,5],""pred"":12,""agent"":1}"
c0447,none,0,0,0,0,0,0,1,"{""form"":""none"",""keep"":0,""n1"":[0,0],""n2"":[0,0],""pred"":0,""agent"":1}"
c0448,cleft,1,5,6,9,19,11,1,"{""form"":""cleft"",""keep"":1,""n1"":[5,6],""n2"":[9,19],""pred"":11,""agent"":1}"
c0449,cleft,1,6,7,9,18,5,1,"{""form"":""cleft"",""keep"":1,""n1"":[6,7],""n2"":[9,18],""pred"":5,""agent"":1}"
c0450,none,0,0,0,0,0,0,1,"{""form"":""cleft"",""keep"":1,""n1"":[3,17],""n2"":[8,9],""pred"":7,""agent"":1}"
c0451,none,0,0,0,0,0,0,1,"{""form"":""none"",""keep"":0,""n1"":[0,0],""n2"":[0,0],""pred"":0,""agent"":1}"
c0452,none,0,0,0,0,0,0,1,"{""form"":""none"",""keep"":0,""n1"":[0,0],""n2"":[0,0],""pred"":0,""agent"":1}"
c0453,none,0,0,0,0,0,0,1,"{""form"":""none"",""keep"":0,""n1"":[0,0],""n2"":[0,0],""pred"":0,""agent"":1}"
c0454,none,0,0,0,0,0,0,1,"{""form"":""none"",""keep"":0,""n1"":[0,0],""n2"":[0,0],""pred"":0,""agent"":1}"
c0455,none,0,0,0,0,0,0,1,"{""form"":""none"",""keep"":0,""n1"":[0,0],""n2"":[0,0],""pred"":0,""agent"":1}"
c0456,cleft,1,3,4,10,15,16,1,"{""form"":""cleft"",""keep"":1,""n1"":[3,4],""n2"":[10,15],""pred"":16,""agent"":1}"
c0457,none,0,0,0,0,0,0,1,"{""form"":""none"",""keep"":0,""n1"":[0,0],""n2"":[0,0],""pred"":0,""agent"":1}"
c0458,cleft,1,3,6,14,17,15,1,"{""form"":""cleft"",""keep"":1,""n1"":[3,6],""n2"":[14,17],""pred"":15,""agent"":1}"
c0459,cleft,1,3,6,8,9,17,2,"{""form"":""cleft"",""keep"":1,""n1"":[3,6],""n2"":[8,9],""pred"":17,""agent"":2}"
c0460,none,0,0,0,0,0,0,1,"{""form"":""none"",""keep"":0,""n1"":[0,0],""n2"":[0,0],""pred"":0,""agent"":1}"
c0461,cleft,1,3,4,9,11,7,1,"{""form"":""cleft"",""keep"":1,""n1"":[3,4],""n2"":[9,11],""pred"":7,""agent"":1}"
c0462,none,0,0,0,0,0,0,1,"{""form"":""none"",""keep"":0,""n1"":[0,0],""n2"":[0,0],""pred"":0,""agent"":1}"
c0463,none,0,0,0,0,0,0,1,"{""form"":""none"",""keep"":0,""n1"":[0,0],""n2"":[0,0],""pred"":0,""agent"":1}"
c0464,cleft,1,2,3,6,7,5,1,"{""form"":""cleft"",""keep"":1,""n1"":[2,3],""n2"":[6,7],""pred"":5,""agent"":1}"
c0465,cleft,1,3,4,6,9,7,1,"{""form"":""cleft"",""keep"":1,""n1"":[3,4],""n2"":[6,9],""pred"":7,""agent"":1}"
c0466,cleft,1,3,5,6,9,6,1,"{""form"":""cleft"",""keep"":1,""n1"":[3,5],""n2"":[6,9],""pred"":6,""agent"":1}"
c0467,cleft,1,3,6,12,17,9,1,"{""form"":""cleft"",""keep"":1,""n1"":[3,6],""n2"":[12,17],""pred"":9,""agent"":1}"
c0468,cleft,1,11,12,9,10,2,1,"{""form"":""cleft"",""keep"":1,""n1"":[11,12],""n2"":[9,10],""pred"":2,""agent"":1}"
c0469,cleft,1,3,5,8,17,9,1,"{""form"":""cleft"",""keep"":1,""n1"":[3,5],""n2"":[8,17],""pred"":9,""agent"":1}"
c0470,none,0,0,0,0,0,0,1,"{""form"":""none"",""keep"":0,""n1"":[0,0],""n2"":[0,0],""pred"":0,""agent"":1}"
c0471,cleft,1,3,4,6,7,5,1,"{""form"":""cleft"",""keep"":1,""n1"":[3,4],""n2"":[6,7],""pred"":5,""agent"":1}"
c0472,none,0,0,0,0,0,0,1,"{""form"":""none"",""keep"":0,""n1"":[0,0],""n2"":[0,0],""pred"":0,""agent"":1}"
c0473,none,0,0,0,0,0,0,1,"{""form"":""none"",""keep"":0,""n1"":[0,0],""n2"":[0,0],""pred"":0,""agent"":1}"
c0474,none,0,0,0,0,0,0,1,"{""form"":""cleft"",""keep"":1,""n1"":[9,10],""n2"":[8,16],""pred"":11,""agent"":1}"
c0475,none,0,0,0,0,0,0,1,"{""form"":""none"",""keep"":0,""n1"":[0,0],""n2"":[0,0],""pred"":0,""agent"":1}"
c0476,cleft,1,8,9,6,7,10,1,"{""form"":""cleft"",""keep"":1,""n1"":[8,9],""n2"":[6,7],""pred"":10,""agent"":1}"
c0477,none,0,0,0,0,0,0,1,"{""form"":""none"",""keep"":0,""n1"":[0,0],""n2"":[0,0],""pred"":0,""agent"":1}"
c0478,cleft,1,6,7,17,19,18,1,"{""form"":""cleft"",""keep"":1,""n1"":[6,7],""n2"":[17,19],""pred"":18,""agent"":1}"
c0479,none,0,0,0,0,0,0,1,"{""form"":""none"",""keep"":0,""n1"":[0,0],""n2"":[0,0],""pred"":0,""agent"":1}"
c0480,cleft,1,3,4,6,7,9,1,"{""form"":""cleft"",""keep"":1,""n1"":[3,4],""n2"":[6,7],""pred"":9,""agent"":1}"
c0481,cleft,1,3,4,5,16,14,1,"{""form"":""cleft"",""keep"":1,""n1"":[3,4],""n2"":[5,16],""pred"":14,""agent"":1}"
c0482,none,0,0,0,0,0,0,1,"{""form"":""none"",""keep"":0,""n1"":[0,0],""n2"":[0,0],""pred"":0,""agent"":1}"
c0483,none,0,0,0,0,0,0,1,"{""form"":""none"",""keep"":0,""n1"":[0,0],""n2"":[0,0],""pred"":0,""agent"":1}"
c0484,cleft,1,3,4,7,8,9,1,"{""form"":""cleft"",""keep"":1,""n1"":[3,4],""n2"":[7,8],""pred"":9,""agent"":1}"
c0485,none,0,0,0,0,0,0,1,"{""form"":""none"",""keep"":0,""n1"":[0,0],""n2"":[0,0],""pred"":0,""agent"":1}"
c0486,none,0,0,0,0,0,0,1,"{""form"":""none"",""keep"":0,""n1"":[0,0],""n2"":[0,0],""pred"":0,""agent"":1}"
c0487,none,0,0,0,0,0,0,1,"{""form"":""none"",""keep"":0,""n1"":[0,0],""n2"":[0,0],""pred"":0,""agent"":1}"
c0488,cleft,1,4,6,11,15,12,2,"{""form"":""cleft"",""keep"":1,""n1"":[4,6],""n2"":[11,15],""pred"":12,""agent"":2}"
c0489,none,0,0,0,0,0,0,1,"{""form"":""none"",""keep"":0,""n1"":[0,0],""n2"":[0,0],""pred"":0,""agent"":1}"
c0490,cleft,1,3,6,9,10,20,1,"{""form"":""cleft"",""keep"":1,""n1"":[3,6],""n2"":[9,10],""pred"":20,""agent"":1}"
c0491,none,0,0,0,0,0,0,1,"{""form"":""none"",""keep"":0,""n1"":[0,0],""n2"":[0,0],""pred"":0,""agent"":1}"
c0492,none,0,0,0,0,0,0,1,"{""form"":""none"",""keep"":0,""n1"":[0,0],""n2"":[0,0],""pred"":0}"
c0493,none,0,0,0,0,0,0,1,"{""form"":""none"",""keep"":0,""n1"":[0,0],""n2"":[0,0],""pred"":0,""agent"":1}"
c0494,none,0,0,0,0,0,0,1,"{""form"":""none"",""keep"":0,""n1"":[0,0],""n2"":[0,0],""pred"":0,""agent"":1}"
c0495,cleft,1,1,1,6,10,3,1,"{""form"":""cleft"",""keep"":1,""n1"":[1,1],""n2"":[6,10],""pred"":3,""agent"":1}"
c0496,none,0,0,0,0,0,0,1,"{""form"":""none"",""keep"":0,""n1"":[0,0],""n2"":[0,0],""pred"":0,""agent"":1}"
c0497,cleft,1,3,4,6,7,5,1,"{""form"":""cleft"",""keep"":1,""n1"":[3,4],""n2"":[6,7],""pred"":5,""agent"":1}"
c0498,none,0,0,0,0,0,0,1,"{""form"":""none"",""keep"":0,""n1"":[0,0],""n2"":[0,0],""pred"":0,""agent"":1}"
c0499,cleft,1,4,5,7,9,6,1,"{""form"":""cleft"",""keep"":1,""n1"":[4,5],""n2"":[7,9],""pred"":6,""agent"":1}"
c0500,none,0,0,0,0,0,0,1,"{""form"":""none"",""keep"":0,""n1"":[0,0],""n2"":[0,0],""pred"":0,""agent"":1}"
c0501,none,0,0,0,0,0,0,1,"{""form"":""none"",""keep"":0,""n1"":[0,0],""n2"":[0,0],""pred"":0,""agent"":1}"
c0502,cleft,1,3,4,11,17,14,2,"{""form"":""cleft"",""keep"":1,""n1"":[3,4],""n2"":[11,17],""pred"":14,""agent"":2}"
c0503,cleft,1,3,4,5,6,5,1,"{""form"":""cleft"",""keep"":1,""n1"":[3,4],""n2"":[5,6],""pred"":5,""agent"":1}"
c0504,none,0,0,0,0,0,0,1,"{""form"":""none"",""keep"":0,""n1"":[0,0],""n2"":[0,0],""pred"":0,""agent"":1}"
c0505,cleft,1,3,4,8,9,9,1,"{""form"":""cleft"",""keep"":1,""n1"":[3,4],""n2"":[8,9],""pred"":9,""agent"":1}"
c0506,cleft,1,4,5,6,7,7,2,"{""form"":""cleft"",""keep"":1,""n1"":[4,5],""n2"":[6,7],""pred"":7,""agent"":2}"
c0507,cleft,1,3,5,8,12,9,1,"{""form"":""cleft"",""keep"":1,""n1"":[3,5],""n2"":[8,12],""pred"":9,""agent"":1}"
c0508,none,0,0,0,0,0,0,1,"{""form"":""none"",""keep"":0,""n1"":[0,0],""n2"":[0,0],""pred"":0,""agent"":1}"
c0509,none,0,0,0,0,0,0,1,"{""form"":""none"",""keep"":0,""n1"":[0,0],""n2"":[0,0],""pred"":0,""agent"":1}"
c0510,none,0,0,0,0,0,0,1,"{""form"":""none"",""keep"":0,""n1"":[0,0],""n2"":[0,0],""pred"":0,""agent"":1}"
c0511,cleft,1,3,4,8,9,6,1,"{""form"":""cleft"",""keep"":1,""n1"":[3,4],""n2"":[8,9],""pred"":6,""agent"":1}"
c0512,none,0,0,0,0,0,0,1,"{""form"":""none"",""keep"":0,""n1"":[0,0],""n2"":[0,0],""pred"":0,""agent"":1}"
c0513,cleft,1,4,5,7,8,6,1,"{""form"":""cleft"",""keep"":1,""n1"":[4,5],""n2"":[7,8],""pred"":6,""agent"":1}"
c0514,cleft,1,3,5,6,11,7,1,"{""form"":""cleft"",""keep"":1,""n1"":[3,5],""n2"":[6,11],""pred"":7,""agent"":1}"
c0515,none,0,0,0,0,0,0,1,"{""form"":""none"",""keep"":0,""n1"":[0,0],""n2"":[0,0],""pred"":0,""agent"":1}"
c0516,none,0,0,0,0,0,0,1,"{""form"":""none"",""keep"":0,""n1"":[0,0],""n2"":[0,0],""pred"":0,""agent"":1}"
c0517,cleft,1,3,4,6,7,12,1,"{""form"":""cleft"",""keep"":1,""n1"":[3,4],""n2"":[6,7],""pred"":12,""agent"":1}"
c0518,cleft,1,3,5,7,18,11,2,"{""form"":""cleft"",""keep"":1,""n1"":[3,5],""n2"":[7,18],""pred"":11,""agent"":2}"
c0519,cleft,1,3,4,9,13,10,1,"{""form"":""cleft"",""keep"":1,""n1"":[3,4],""n2"":[9,13],""pred"":10,""agent"":1}"
c0520,cleft,1,4,5,7,8,7,1,"{""form"":""cleft"",""keep"":1,""n1"":[4,5],""n2"":[7,8],""pred"":7,""agent"":1}"
c0521,cleft,1,3,6,7,8,10,1,"{""form"":""cleft"",""keep"":1,""n1"":[3,6],""n2"":[7,8],""pred"":10,""agent"":1}"
c0522,none,0,0,0,0,0,0,1,"{""form"":""none"",""keep"":0,""n1"":[0,0],""n2"":[0,0],""pred"":0,""agent"":1}"
c0523,cleft,1,3,5,9,17,7,1,"{""form"":""cleft"",""keep"":1,""n1"":[3,5],""n2"":[9,17],""pred"":7,""agent"":1}"
c0524,none,0,0,0,0,0,0,1,"{""form"":""none"",""keep"":0,""n1"":[0,0],""n2"":[0,0],""pred"":0,""agent"":1}"
c0525,cleft,1,4,6,8,17,9,1,"{""form"":""cleft"",""keep"":1,""n1"":[4,6],""n2"":[8,17],""pred"":9,""agent"":1}"
c0526,cleft,1,5,6,11,17,2,1,"{""form"":""cleft"",""keep"":1,""n1"":[5,6],""n2"":[11,17],""pred"":2,""agent"":1}"
c0527,none,0,0,0,0,0,0,1,"{""form"":""passive"",""keep"":0,""n1"":[5,6],""n2"":[13,16],""pred"":2,""agent"":2}"
c0528,none,0,0,0,0,0,0,1,"{""form"":""none"",""keep"":0,""n1"":[0,0],""n2"":[0,0],""pred"":0,""agent"":1}"
c0529,none,0,0,0,0,0,0,1,"{""form"":""none"",""keep"":0,""n1"":[0,0],""n2"":[0,0],""pred"":0,""agent"":1}"
c0530,none,0,0,0,0,0,0,1,"{""form"":""none"",""keep"":0,""n1"":[0,0],""n2"":[0,0],""pred"":0,""agent"":1}"
c0531,cleft,1,3,5,6,19,7,1,"{""form"":""cleft"",""keep"":1,""n1"":[3,5],""n2"":[6,19],""pred"":7,""agent"":1}"
c0532,none,0,0,0,0,0,0,1,"{""form"":""none"",""keep"":0,""n1"":[0,0],""n2"":[0,0],""pred"":0,""agent"":1}"
c0533,none,0,0,0,0,0,0,1,"{""form"":""none"",""keep"":0,""n1"":[0,0],""n2"":[0,0],""pred"":0,""agent"":1}"
c0534,none,0,0,0,0,0,0,1,"{""form"":""none"",""keep"":0,""n1"":[0,0],""n2"":[0,0],""pred"":0,""agent"":1}"
c0535,none,0,0,0,0,0,0,1,"{""form"":""none"",""keep"":0,""n1"":[0,0],""n2"":[0,0],""pred"":0,""agent"":1}"
c0536,none,0,0,0,0,0,0,1,"{""form"":""none"",""keep"":0,""n1"":[0,0],""n2"":[0,0],""pred"":0,""agent"":1}"
c0537,none,0,0,0,0,0,0,1,"{""form"":""none"",""keep"":0,""n1"":[0,0],""n2"":[0,0],""pred"":0,""agent"":1}"
c0538,none,0,0,0,0,0,0,1,"{""form"":""none"",""keep"":0,""n1"":[0,0],""n2"":[0,0],""pred"":0,""agent"":1}"
c0539,none,0,0,0,0,0,0,1,"{""form"":""none"",""keep"":0,""n1"":[0,0],""n2"":[0,0],""pred"":0,""agent"":1}"
c0540,none,0,0,0,0,0,0,1,"{""form"":""none"",""keep"":0,""n1"":[0,0],""n2"":[0,0],""pred"":0,""agent"":1}"
c0541,none,0,0,0,0,0,0,1,"{""form"":""none"",""keep"":0,""n1"":[0,0],""n2"":[0,0],""pred"":0,""agent"":1}"
c0542,none,0,0,0,0,0,0,1,"{""form"":""none"",""keep"":0,""n1"":[0,0],""n2"":[0,0],""pred"":0,""agent"":1}"
c0543,none,0,0,0,0,0,0,1,"{""form"":""none"",""keep"":0,""n1"":[0,0],""n2"":[0,0],""pred"":0,""agent"":1}"
c0544,none,0,0,0,0,0,0,1,"{""form"":""none"",""keep"":0,""n1"":[0,0],""n2"":[0,0],""pred"":0,""agent"":1}"
c0545,none,0,0,0,0,0,0,1,"{""form"":""none"",""keep"":0,""n1"":[0,0],""n2"":[0,0],""pred"":0,""agent"":1}"
c0546,none,0,0,0,0,0,0,1,"{""form"":""none"",""keep"":0,""n1"":[0,0],""n2"":[0,0],""pred"":0,""agent"":1}"
c0547,none,0,0,0,0,0,0,1,"{""form"":""none"",""keep"":0,""n1"":[0,0],""n2"":[0,0],""pred"":0,""agent"":1}"
c0548,none,0,0,0,0,0,0,1,"{""form"":""none"",""keep"":0,""n1"":[0,0],""n2"":[0,0],""pred"":0,""agent"":1}"
c0549,none,0,0,0,0,0,0,1,"{""form"":""none"",""keep"":0,""n1"":[0,0],""n2"":[0,0],""pred"":0,""agent"":1}"
c0550,none,0,0,0,0,0,0,1,"{""form"":""none"",""keep"":0,""n1"":[0,0],""n2"":[0,0],""pred"":0,""agent"":1}"
c0551,none,0,0,0,0,0,0,1,"{""form"":""none"",""keep"":0,""n1"":[0,0],""n2"":[0,0],""pred"":0,""agent"":1}"
c0552,none,0,0,0,0,0,0,1,"{""form"":""none"",""keep"":0,""n1"":[0,0],""n2"":[0,0],""pred"":0,""agent"":1}"
c0553,none,0,0,0,0,0,0,1,"{""form"":""none"",""keep"":0,""n1"":[0,0],""n2"":[0,0],""pred"":0,""agent"":1}"
c0554,none,0,0,0,0,0,0,1,"{""form"":""none"",""keep"":0,""n1"":[0,0],""n2"":[0,0],""pred"":0,""agent"":1}"
c0555,none,0,0,0,0,0,0,1,"{""form"":""none"",""keep"":0,""n1"":[0,0],""n2"":[0,0],""pred"":0,""agent"":1}"
c0556,none,0,0,0,0,0,0,1,"{""form"":""none"",""keep"":0,""n1"":[0,0],""n2"":[0,0],""pred"":0,""agent"":1}"
c0557,none,0,0,0,0,0,0,1,"{""form"":""none"",""keep"":0,""n1"":[0,0],""n2"":[0,0],""pred"":0,""agent"":1}"
c0558,none,0,0,0,0,0,0,1,"{""form"":""none"",""keep"":0,""n1"":[0,0],""n2"":[0,0],""pred"":0,""agent"":1}"
c0559,none,0,0,0,0,0,0,1,"{""form"":""none"",""keep"":0,""n1"":[0,0],""n2"":[0,0],""pred"":0,""agent"":1}"
c0560,none,0,0,0,0,0,0,1,"{""form"":""none"",""keep"":0,""n1"":[0,0],""n2"":[0,0],""pred"":0,""agent"":1}"
