cand_id,status,form,n1a,n1b,n2a,n2b,pred,agent,source,pass2,reason,method
c0001,rejected,,,,,,,,,,other,human
c0002,rejected,,,,,,,,,,other,human
c0003,rejected,,,,,,,,,,other,human
c0004,rejected,,,,,,,,,,pronoun_or_coord,human
c0005,rejected,,,,,,,,,,other,human
c0006,kept,passive,12,12,16,16,7,2,,,,human
c0007,rejected,,,,,,,,,,other,human
c0008,rejected,,,,,,,,,,other,human
c0009,rejected,,,,,,,,,,pronoun_or_coord,human
c0010,kept,passive,1,2,6,8,4,2,,,,human
c0011,rejected,,,,,,,,,,other,human
c0012,rejected,,,,,,,,,,other,human
c0013,rejected,,,,,,,,,,pronoun_or_coord,human
c0014,rejected,,,,,,,,,,other,human
c0015,kept,passive,1,3,7,10,5,2,,,,human
c0016,rejected,,,,,,,,,,other,human
c0017,rejected,,,,,,,,,,other,human
c0018,rejected,,,,,,,,,,other,human
c0019,rejected,,,,,,,,,,pronoun_or_coord,human
c0020,kept,passive,1,6,10,12,8,2,,,,human
c0021,rejected,,,,,,,,,,other,human
c0022,rejected,,,,,,,,,,other,human
c0023,rejected,,,,,,,,,,other,human
c0024,rejected,,,,,,,,,,other,human
c0025,rejected,,,,,,,,,,other,human
c0026,kept,passive,1,7,11,14,9,2,,,,human
c0027,rejected,,,,,,,,,,other,human
c0028,rejected,,,,,,,,,,other,human
c0029,kept,passive,1,9,13,15,11,2,,,,human
c0030,kept,passive,1,6,10,13,8,2,,,,human
c0031,rejected,,,,,,,,,,other,human
c0032,kept,passive,1,7,11,14,9,2,,,,human
c0033,kept,passive,1,10,14,17,12,2,,,,human
c0034,rejected,,,,,,,,,,other,human
c0035,kept,passive,1,2,6,8,4,2,,,,human
c0036,rejected,,,,,,,,,,other,human
c0037,rejected,,,,,,,,,,other,human
c0038,rejected,,,,,,,,,,other,human
c0039,kept,passive,1,13,17,20,15,2,,,,human
c0040,kept,passive,1,1,11,14,3,2,,,,human
c0041,kept,passive,1,2,6,7,4,2,,,,human
c0042,rejected,,,,,,,,,,other,human
c0043,rejected,,,,,,,,,,other,human
c0044,kept,passive,1,6,13,14,8,2,,,,human
c0045,kept,passive,1,2,6,8,4,2,,,,human
c0046,rejected,,,,,,,,,,other,human
c0067,kept,passive,1,2,6,7,4,2,,,,human
c0079,kept,passive,1,7,11,12,9,2,,,,human
c0082,rejected,,,,,,,,,,other,human
c0156,rejected,,,,,,,,,,other,human
c0083,kept,passive,8,9,13,16,11,2,,,,human
c0098,rejected,,,,,,,,,,other,human
c0112,rejected,,,,,,,,,,other,human
c0117,rejected,,,,,,,,,,other,human
c0132,rejected,,,,,,,,,,other,human
c0157,kept,passive,1,6,11,15,9,2,,,,human
c0173,kept,passive,1,2,9,9,4,2,,,,human
c0190,rejected,,,,,,,,,,other,human
c0191,kept,passive,1,2,6,9,4,2,,,,human
c0195,rejected,,,,,,,,,,other,human
c0218,rejected,,,,,,,,,,other,human
c0250,rejected,,,,,,,,,,other,human
c0266,rejected,,,,,,,,,,other,human
c0286,rejected,,,,,,,,,,other,human
c0288,rejected,,,,,,,,,,other,human
c0047,rejected,,,,,,,,,,pronoun_or_coord,human
c0048,kept,passive,2,3,8,9,5,2,,,,human
c0049,rejected,,,,,,,,,,other,human
c0050,rejected,,,,,,,,,,other,human
c0051,rejected,,,,,,,,,,other,human
c0052,rejected,,,,,,,,,,other,human
c0053,rejected,,,,,,,,,,other,human
c0401,kept,cleft,4,5,9,19,8,1,,,,human
c0402,rejected,,,,,,,,,,other,human
c0403,rejected,,,,,,,,,,other,human
c0404,rejected,,,,,,,,,,other,human
c0405,rejected,,,,,,,,,,other,human
c0412,rejected,,,,,,,,,,pronoun_or_coord,human
c0413,kept,cleft,3,8,11,16,10,1,,,,human
c0415,rejected,,,,,,,,,,pronoun_or_coord,human
c0416,rejected,,,,,,,,,,other,human
c0418,rejected,,,,,,,,,,other,human
c0419,rejected,,,,,,,,,,other,human
c0420,rejected,,,,,,,,,,pronoun_or_coord,human
c0421,rejected,,,,,,,,,,other,human
c0424,rejected,,,,,,,,,,other,human
c0425,kept,cleft,3,7,9,9,11,2,,,,human
c0431,rejected,,,,,,,,,,other,human
c0432,rejected,,,,,,,,,,other,human
c0433,rejected,,,,,,,,,,other,human
c0438,rejected,,,,,,,,,,other,human
c0439,rejected,,,,,,,,,,other,human
c0440,kept,cleft,4,5,11,17,10,1,,,,human
c0442,kept,cleft,3,4,10,11,7,1,,,,human
c0444,kept,cleft,3,11,15,21,13,1,,,,human
c0446,kept,cleft,9,10,13,16,12,1,,,,human
c0448,rejected,,,,,,,,,,other,human
c0449,rejected,,,,,,,,,,other,human
c0456,rejected,,,,,,,,,,other,human
c0458,rejected,,,,,,,,,,other,human
