layer,W_l,W_lo,W_hi,B_l,R_l,acc_in,acc_cross,acc_shuf,q_cross
0,0.028110310435295105,0.027892523957416416,0.028310225484892725,0.6783435344696045,0.04143963783164067,0.99,0.4683333333333333,0.585,1.0
1,0.02827424369752407,0.027994042029604316,0.028512802766636015,0.6440621614456177,0.04389986766209302,0.9983333333333333,0.26,0.4888888888888889,9.959942794349736e-33
2,0.04070552811026573,0.04021033383905888,0.04129094891250133,0.5416510701179504,0.07515083100685249,0.9983333333333333,0.2833333333333333,0.5855555555555556,9.042180232205999e-27
3,0.059853445738554,0.0592418234795332,0.06045912047848105,0.4720418453216553,0.1267969062593851,1.0,0.4166666666666667,0.4872222222222222,6.136877839624725e-05
4,0.0649690106511116,0.0643104888498783,0.0656300587579608,0.3946877121925354,0.16460864749397103,1.0,0.525,0.48277777777777775,0.25791129073687524
5,0.0686909630894661,0.06789469104260207,0.06940544452518224,0.3442150950431824,0.19955825261321106,1.0,0.505,0.5294444444444445,0.838277770372422
6,0.07982756942510605,0.07899342607706786,0.08075495790690183,0.3206304907798767,0.24897061094211298,1.0,0.7033333333333334,0.43333333333333335,1.0700173370683391e-23
7,0.0872550830245018,0.08642506655305623,0.08804028294980526,0.3179512917995453,0.2744290870976656,1.0,0.8216666666666667,0.38833333333333336,7.787162325918445e-60
8,0.09890680015087128,0.09793103225529194,0.0998147102072835,0.3092537820339203,0.31982405899953936,1.0,0.9166666666666666,0.4855555555555555,2.0691637027946396e-106
9,0.10737711936235428,0.10620429012924433,0.10852513331919908,0.30268508195877075,0.3547486328455119,1.0,0.8983333333333333,0.45166666666666666,5.336241036374096e-96
10,0.09552272409200668,0.09432450141757727,0.09662387035787105,0.2847800850868225,0.33542627718317397,0.9983333333333333,0.9,0.5033333333333333,9.021111878049615e-97
11,0.07977057248353958,0.07875291388481856,0.08070417065173388,0.2454630732536316,0.3249799291648829,0.9983333333333333,0.8616666666666667,0.4116666666666667,3.505732542316043e-77
12,0.10885544121265411,0.10727185849100351,0.11033598128706217,0.35596948862075806,0.30579991933754286,0.9916666666666667,0.88,0.4961111111111111,3.4285906312832764e-86
