layer,W_l,W_lo,W_hi,B_l,R_l,acc_in,acc_cross,acc_shuf,q_cross,acc_span_in,acc_span_cross,acc_span_shuf,q_span
0,0.12946021556854248,0.12889507599174976,0.13003616109490396,0.1962527185678482,0.6596607468860358,0.97,0.485,0.7022222222222223,1.0,0.9783333333333334,0.5016666666666667,0.3427777777777778,1.0
1,0.12163993716239929,0.12113083004951478,0.12219432834535837,0.18590806424617767,0.6543015602971547,0.97,0.48,0.6094444444444443,0.6483920090643208,0.9583333333333334,0.4683333333333333,0.43,0.5233703732722494
2,0.12200857698917389,0.12132858745753765,0.12257812730967999,0.17987138032913208,0.6783101129685565,0.9683333333333334,0.48,0.6788888888888889,0.6483920090643208,0.9583333333333334,0.4533333333333333,0.5016666666666667,0.14798232572413061
3,0.11086095124483109,0.1102118406444788,0.11142376270145178,0.1644550859928131,0.6741108060079397,0.9766666666666667,0.4866666666666667,0.6744444444444445,0.6483920090643208,0.9733333333333334,0.4166666666666667,0.4322222222222221,0.0006136877839624725
4,0.10189925134181976,0.10140332654118538,0.10248047597706318,0.1495676189661026,0.6812921898798269,0.985,0.49333333333333335,0.49277777777777776,0.7750793656099159,0.9716666666666667,0.485,0.4366666666666667,1.0
5,0.09665452688932419,0.09616243243217468,0.09707654733210802,0.14168421924114227,0.6821827210173518,0.9883333333333333,0.49166666666666664,0.648888888888889,0.7750793656099159,0.9766666666666667,0.5,0.4138888888888889,1.0
6,0.09102838486433029,0.09046373032033443,0.09142972901463509,0.13337282836437225,0.6825107130001893,0.99,0.4866666666666667,0.6122222222222222,0.6483920090643208,0.9733333333333334,0.505,0.5516666666666667,1.0
7,0.0873376876115799,0.08683893717825412,0.08783475998789073,0.12458042800426483,0.7010546384343403,0.9816666666666667,0.4816666666666667,0.40277777777777773,0.6483920090643208,0.975,0.49666666666666665,0.5033333333333333,1.0
8,0.08557084202766418,0.08517082054167986,0.08603764753788709,0.12251678854227066,0.6984417592671296,0.9883333333333333,0.48,0.6155555555555555,0.6483920090643208,0.9866666666666667,0.49166666666666664,0.47555555555555556,1.0
9,0.08174534142017365,0.08130928445607424,0.08219301160424948,0.11842602491378784,0.6902650054278008,0.9883333333333333,0.48,0.43555555555555553,0.6483920090643208,0.9883333333333333,0.4866666666666667,0.48333333333333334,1.0
10,0.07616247981786728,0.07577233240008355,0.07656061109155417,0.10888703912496567,0.6994632210633919,0.99,0.4816666666666667,0.4711111111111111,0.6483920090643208,0.9866666666666667,0.5016666666666667,0.6055555555555555,1.0
11,0.0714966356754303,0.07113036625087261,0.07188758254051208,0.10371873527765274,0.6893319205513206,0.9916666666666667,0.48333333333333334,0.6444444444444445,0.6483920090643208,0.985,0.49833333333333335,0.47333333333333333,1.0
12,0.06866622716188431,0.06828251257538795,0.06902182903140783,0.09997612237930298,0.6868262625203926,0.9916666666666667,0.47833333333333333,0.523888888888889,0.6483920090643208,0.985,0.495,0.46388888888888885,1.0
